﻿<?xml version="1.0" encoding="utf-8"?>
<root>
  <Ad Id="1" Type="custom" Html="&amp;lt;a href=&amp;quot;#&amp;quot;&amp;gt;收藏本站&amp;lt;/a&amp;gt;" />
  <Ad Id="2" Type="image" Image="/templates/master/techan/UploadImage/advertimg/20140707090305_4641.jpg" Url="" AdImageSize="134*28" />
  <Ad Id="3" Type="custom" Html="&amp;lt;a class=&amp;quot;jiathis_button_qzone&amp;quot;&amp;gt;&amp;lt;/a&amp;gt;                             &amp;lt;a class=&amp;quot;jiathis_button_tsina&amp;quot;&amp;gt;&amp;lt;/a&amp;gt;                             &amp;lt;a class=&amp;quot;jiathis_button_tqq&amp;quot;&amp;gt;&amp;lt;/a&amp;gt;" />
  <Ad Id="4" Type="custom" Html="&amp;lt;a href=&amp;quot;#&amp;quot;&amp;gt;装修效果图&amp;lt;/a&amp;gt;&amp;lt;a href=&amp;quot;#&amp;quot;&amp;gt;家装&amp;lt;/a&amp;gt;&amp;lt;a href=&amp;quot;#&amp;quot;&amp;gt;家装&amp;lt;/a&amp;gt;" />
  <Ad Id="5" Type="slide" Image1="/templates/master/techan/UploadImage/advertimg/20140108142921_8694.jpg" Image2="/templates/master/techan/UploadImage/advertimg/20140108142921_8694.jpg" Image3="/templates/master/techan/UploadImage/advertimg/20140108142921_8694.jpg" Image4="/templates/master/techan/UploadImage/advertimg/20140108142921_8694.jpg" Image5="" Image6="" Image7="" Image8="" Image9="" Image10="" Url1="" Url2="" Url3="" Url4="" Url5="" Url6="" Url7="" Url8="" Url9="" Url10="" AdImageSize="750*400" />
  <Ad Id="5" Type="image" Image="/templates/master/techan/UploadImage/advertimg/20140606172111_4747.jpg" Url="" AdImageSize="322*204" />
  <Ad Id="6" Type="image" Image="/templates/master/techan/UploadImage/advertimg/20140611101734_0817.jpg" Url="" AdImageSize="322*204" />
  <Ad Id="7" Type="image" Image="/templates/master/techan/UploadImage/advertimg/20140320193817_3368.jpg" Url="" AdImageSize="322*204" />
  <Ad Id="8" Type="image" Image="/templates/master/techan/UploadImage/advertimg/20140611101747_5104.jpg" Url="" AdImageSize="1200*90" />
  <Ad Id="20" Type="image" Image="/templates/master/techan/UploadImage/advertimg/20140611101724_2051.jpg" Url="" AdImageSize="204*276" />
  <Ad Id="9" Type="custom" Html="&amp;lt;b&amp;gt;&amp;lt;img src=&amp;quot;/templates/master/techan/UploadImage/AdvertImg/20140720121604_9631.jpg&amp;quot; alt=&amp;quot;&amp;quot; border=&amp;quot;0&amp;quot; /&amp;gt;&amp;lt;/b&amp;gt;&amp;lt;span&amp;gt;&amp;lt;em&amp;gt;&amp;lt;img src=&amp;quot;/templates/master/techan/UploadImage/AdvertImg/20140720121615_7407.jpg&amp;quot; alt=&amp;quot;&amp;quot; border=&amp;quot;0&amp;quot; /&amp;gt;&amp;lt;/em&amp;gt;&amp;lt;img src=&amp;quot;/templates/master/techan/UploadImage/AdvertImg/20140720121625_2203.jpg&amp;quot; alt=&amp;quot;&amp;quot; border=&amp;quot;0&amp;quot; /&amp;gt;&amp;lt;/span&amp;gt;" />
  <Ad Id="10" Type="custom" Html="&amp;lt;b&amp;gt;&amp;lt;img src=&amp;quot;/templates/master/techan/UploadImage/AdvertImg/20140720122538_1289.jpg&amp;quot; alt=&amp;quot;&amp;quot; border=&amp;quot;0&amp;quot; /&amp;gt;&amp;lt;/b&amp;gt;&amp;lt;span&amp;gt;&amp;lt;em&amp;gt;&amp;lt;img src=&amp;quot;/templates/master/techan/UploadImage/AdvertImg/20140720122548_6425.jpg&amp;quot; alt=&amp;quot;&amp;quot; border=&amp;quot;0&amp;quot; /&amp;gt;&amp;lt;/em&amp;gt;&amp;lt;img src=&amp;quot;/templates/master/techan/UploadImage/AdvertImg/20140720122556_8770.jpg&amp;quot; alt=&amp;quot;&amp;quot; border=&amp;quot;0&amp;quot; /&amp;gt;&amp;lt;/span&amp;gt;" /><Ad Id="11" Type="slide" Image1="/templates/master/techan/images/techan/banner.jpg" Image2="/templates/master/techan/images/techan/banner.jpg" Image3="/templates/master/techan/images/techan/banner.jpg" Image4="" Image5="" Image6="" Image7="" Image8="" Image9="" Image10="" Url1="" Url2="" Url3="" Url4="" Url5="" Url6="" Url7="" Url8="" Url9="" Url10="" AdImageSize="1920*450" /><Ad Id="12" Type="image" Image="/templates/master/techan/UploadImage/advertimg/20140323155818_5489.jpg" Url="" AdImageSize="204*276" /><Ad Id="13" Type="custom" Html="&amp;lt;b&amp;gt;&amp;lt;img src=&amp;quot;/templates/master/techan/UploadImage/AdvertImg/20140720122957_5387.jpg&amp;quot; alt=&amp;quot;&amp;quot; border=&amp;quot;0&amp;quot; /&amp;gt;&amp;lt;/b&amp;gt;&amp;lt;span&amp;gt;&amp;lt;em&amp;gt;&amp;lt;img src=&amp;quot;/templates/master/techan/UploadImage/AdvertImg/20140720123114_1601.jpg&amp;quot; alt=&amp;quot;&amp;quot; border=&amp;quot;0&amp;quot; /&amp;gt;&amp;lt;/em&amp;gt;&amp;lt;img src=&amp;quot;/templates/master/techan/UploadImage/AdvertImg/20140720123123_6247.jpg&amp;quot; alt=&amp;quot;&amp;quot; border=&amp;quot;0&amp;quot; /&amp;gt;&amp;lt;/span&amp;gt;" /><Ad Id="14" Type="image" Image="/templates/master/techan/UploadImage/advertimg/20140323155818_5489.jpg" Url="" AdImageSize="204*276" /><Ad Id="15" Type="custom" Html="&amp;lt;b&amp;gt;&amp;lt;img src=&amp;quot;/templates/master/techan/UploadImage/AdvertImg/20140720123146_2640.jpg&amp;quot; alt=&amp;quot;&amp;quot; border=&amp;quot;0&amp;quot; /&amp;gt;&amp;lt;/b&amp;gt;&amp;lt;span&amp;gt;&amp;lt;em&amp;gt;&amp;lt;img src=&amp;quot;/templates/master/techan/UploadImage/AdvertImg/20140720123153_5824.jpg&amp;quot; alt=&amp;quot;&amp;quot; border=&amp;quot;0&amp;quot; /&amp;gt;&amp;lt;/em&amp;gt;&amp;lt;img src=&amp;quot;/templates/master/techan/UploadImage/AdvertImg/20140720123201_0648.jpg&amp;quot; alt=&amp;quot;&amp;quot; border=&amp;quot;0&amp;quot; /&amp;gt;&amp;lt;/span&amp;gt;" /><Ad Id="16" Type="image" Image="/templates/master/techan/UploadImage/advertimg/20140611101734_0817.jpg" Url="" AdImageSize="204*276" /><Ad Id="17" Type="custom" Html="&amp;lt;img src=&amp;quot;/templates/master/techan/UploadImage/AdvertImg/20140720105754_0088.jpg&amp;quot; alt=&amp;quot;&amp;quot; border=&amp;quot;0&amp;quot; /&amp;gt;&amp;lt;img src=&amp;quot;/templates/master/techan/UploadImage/AdvertImg/20140720105800_9082.jpg&amp;quot; alt=&amp;quot;&amp;quot; border=&amp;quot;0&amp;quot; /&amp;gt;&amp;lt;img src=&amp;quot;/templates/master/techan/UploadImage/AdvertImg/20140720105809_8937.jpg&amp;quot; alt=&amp;quot;&amp;quot; border=&amp;quot;0&amp;quot; /&amp;gt;&amp;lt;img src=&amp;quot;/templates/master/techan/UploadImage/AdvertImg/20140720105817_8922.jpg&amp;quot; alt=&amp;quot;&amp;quot; border=&amp;quot;0&amp;quot; /&amp;gt;&amp;lt;img src=&amp;quot;/templates/master/techan/UploadImage/AdvertImg/20140720105825_2926.jpg&amp;quot; alt=&amp;quot;&amp;quot; border=&amp;quot;0&amp;quot; /&amp;gt;" /><Ad Id="18" Type="custom" Html="&amp;lt;div style=&amp;quot;background:#fe3f37;text-align:center;&amp;quot;&amp;gt;&#xA;	&amp;lt;img src=&amp;quot;/templates/master/default/UploadImage/AdvertImg/20160331145919_8098.jpg&amp;quot; alt=&amp;quot;&amp;quot; /&amp;gt; &#xA;&amp;lt;/div&amp;gt;" /><Ad Id="19" Type="custom" Html="&amp;lt;img src=&amp;quot;/templates/master/techan/UploadImage/AdvertImg/20140701094828_2650.jpg&amp;quot; alt=&amp;quot;&amp;quot; border=&amp;quot;0&amp;quot; /&amp;gt;&amp;lt;br /&amp;gt;" /><Ad Id="21" Type="custom" Html="&amp;lt;img src=&amp;quot;/templates/master/techan/UploadImage/AdvertImg/20140720110350_1832.jpg&amp;quot; alt=&amp;quot;&amp;quot; border=&amp;quot;0&amp;quot; /&amp;gt;" /><Ad Id="22" Type="custom" Html="&amp;lt;img src=&amp;quot;/templates/master/techan/UploadImage/AdvertImg/20140720121122_0259.jpg&amp;quot; alt=&amp;quot;&amp;quot; border=&amp;quot;0&amp;quot; /&amp;gt;" /><Ad Id="30" Type="custom" Html="&amp;lt;img src=&amp;quot;/templates/master/techan/UploadImage/AdvertImg/20140720135643_0105.jpg&amp;quot; alt=&amp;quot;&amp;quot; border=&amp;quot;0&amp;quot; /&amp;gt;" /><Ad Id="24" Type="custom" Html="&amp;lt;img src=&amp;quot;/templates/master/techan/UploadImage/AdvertImg/20140720135843_8854.jpg&amp;quot; alt=&amp;quot;&amp;quot; border=&amp;quot;0&amp;quot; /&amp;gt;" /><Ad Id="25" Type="custom" Html="&amp;lt;img src=&amp;quot;/templates/master/techan/UploadImage/AdvertImg/20140720140016_6277.jpg&amp;quot; alt=&amp;quot;&amp;quot; border=&amp;quot;0&amp;quot; /&amp;gt;" /><Ad Id="26" Type="custom" Html="&amp;lt;img src=&amp;quot;/templates/master/techan/UploadImage/AdvertImg/20140720110350_1832.jpg&amp;quot; alt=&amp;quot;&amp;quot; border=&amp;quot;0&amp;quot; /&amp;gt;" /><Ad Id="27" Type="custom" Html="&amp;lt;img src=&amp;quot;/templates/master/techan/UploadImage/AdvertImg/20140720142207_5247.jpg&amp;quot; alt=&amp;quot;&amp;quot; border=&amp;quot;0&amp;quot; /&amp;gt;" /><Ad Id="28" Type="custom" Html="&amp;lt;img src=&amp;quot;/templates/master/techan/UploadImage/AdvertImg/20140720162353_4026.jpg&amp;quot; alt=&amp;quot;&amp;quot; border=&amp;quot;0&amp;quot; /&amp;gt;" /><Ad Id="29" Type="custom" Html="冬三月，此谓闭藏，冬气寒，宜食黍以热性治其寒，驱寒、养肾、养藏" /><Ad Id="30" Type="custom" Html="&amp;lt;img src=&amp;quot;/templates/master/techan/UploadImage/AdvertImg/20140720151048_4467.jpg&amp;quot; alt=&amp;quot;&amp;quot; border=&amp;quot;0&amp;quot; /&amp;gt;" /><Ad Id="23" Type="custom" Html="&amp;lt;div style=&amp;quot;background:#fe3f37;text-align:center;&amp;quot;&amp;gt;&#xA;	&amp;lt;img src=&amp;quot;/templates/master/techan/UploadImage/AdvertImg/20160331145919_8098.jpg&amp;quot; alt=&amp;quot;&amp;quot; /&amp;gt; &#xA;&amp;lt;/div&amp;gt;" />
  <Ad Id="230" Type="custom" Html="&amp;lt;div style=&amp;quot;background:#fe3f37;text-align:center;&amp;quot;&amp;gt;&#xA;	&amp;lt;img src=&amp;quot;/templates/master/techan/UploadImage/AdvertImg/20160331145919_8098.jpg&amp;quot; alt=&amp;quot;&amp;quot; /&amp;gt; &#xA;&amp;lt;/div&amp;gt;" />
</root>
  