﻿<?xml version="1.0" encoding="utf-8"?>
<root>
<Ad Id="1" Type="slide" Image1="/templates/master/songsq/images/yijiu/banner.jpg" Image2="/templates/master/songsq/images/yijiu/banner.jpg" Image3="/templates/master/songsq/images/yijiu/banner.jpg" Image4="" Image5="" Image6="" Image7="" Image8="" Image9="" Image10="" Url1="" Url2="" Url3="" Url4="" Url5="" Url6="" Url7="" Url8="" Url9="" Url10="" AdImageSize="1920*450" />
  <Ad Id="2" Type="image" Image="/templates/master/songsq/UploadImage/advertimg/20140318192751_4967.jpg" Url="" AdImageSize="134*28" />
  <Ad Id="3" Type="slide" Image1="/templates/master/songsq/UploadImage/advertimg/20140108142921_8694.jpg" Image2="/templates/master/songsq/UploadImage/advertimg/20140108142921_8694.jpg" Image3="/templates/master/songsq/UploadImage/advertimg/20140108142921_8694.jpg" Image4="/templates/master/songsq/UploadImage/advertimg/20140108142921_8694.jpg" Image5="" Image6="" Image7="" Image8="" Image9="" Image10="" Url1="" Url2="" Url3="" Url4="" Url5="" Url6="" Url7="" Url8="" Url9="" Url10="" AdImageSize="750*400" />
  <Ad Id="4" Type="image" Image="/templates/master/songsq/UploadImage/advertimg/20140320193817_3368.jpg" Url="" AdImageSize="322*204" />
  <Ad Id="5" Type="custom" Html="&amp;lt;div style=&amp;quot;background:url( /templates/master/songsq/images/yijiu/banner1.jpg) no-repeat 50% 0px;&amp;quot;&amp;gt;&#xA;	&amp;lt;a style=&amp;quot;width:100%;display:block;height:109px;&amp;quot; href=&amp;quot;#&amp;quot; target=&amp;quot;_blank&amp;quot;&amp;gt;&amp;lt;/a&amp;gt;&#xA;&amp;lt;/div&amp;gt;" />
  <Ad Id="6" Type="image" Image="/templates/master/songsq/UploadImage/advertimg/20140624215031_7603.jpg" Url="" AdImageSize="122*55" />
  <Ad Id="7" Type="custom" Html="&amp;lt;a href=&amp;quot;#&amp;quot; target=&amp;quot;_blank&amp;quot;&amp;gt;&amp;lt;img src=&amp;quot;/templates/master/songsq/UploadImage/AdvertImg/20140910140139_9200.jpg&amp;quot; title=&amp;quot;songsqcy_04&amp;quot; alt=&amp;quot;songsqcy_04&amp;quot; border=&amp;quot;0&amp;quot; /&amp;gt;&amp;lt;/a&amp;gt;" />
  <Ad Id="8" Type="image" Image="/templates/master/songsq/UploadImage/advertimg/20140323155818_5489.jpg" Url="" AdImageSize="204*276" />
  <Ad Id="9" Type="custom" Html="&amp;lt;img src=&amp;quot;/templates/master/songsq/UploadImage/AdvertImg/20140323161210_7165.jpg&amp;quot; alt=&amp;quot;&amp;quot; border=&amp;quot;0&amp;quot; /&amp;gt;&amp;lt;img src=&amp;quot;/templates/master/songsq/UploadImage/AdvertImg/20140323161217_1728.jpg&amp;quot; alt=&amp;quot;&amp;quot; border=&amp;quot;0&amp;quot; /&amp;gt;&amp;lt;img src=&amp;quot;/templates/master/songsq/UploadImage/AdvertImg/20140323161222_7912.jpg&amp;quot; alt=&amp;quot;&amp;quot; border=&amp;quot;0&amp;quot; /&amp;gt;&amp;lt;img src=&amp;quot;/templates/master/songsq/UploadImage/AdvertImg/20140323161228_9365.jpg&amp;quot; alt=&amp;quot;&amp;quot; border=&amp;quot;0&amp;quot; /&amp;gt;" />
  <Ad Id="10" Type="image" Image="/templates/master/songsq/UploadImage/advertimg/20140323155818_5489.jpg" Url="" AdImageSize="204*276" />
  <Ad Id="11" Type="custom" Html="&amp;lt;div id=&amp;quot;lunhuanJS&amp;quot;&amp;gt;&#xA;	&amp;lt;!--产品分类开始 --&amp;gt;&amp;lt;!--产品分类结束--&amp;gt;&amp;lt;!--轮播 tab标签 --&amp;gt;&#xA;	&amp;lt;div class=&amp;quot;lunhuan_content&amp;quot;&amp;gt;&#xA;		&amp;lt;!--舌签1开始 --&amp;gt;&#xA;		&amp;lt;div class=&amp;quot;tab_1&amp;quot;&amp;gt;&#xA;			&amp;lt;div id=&amp;quot;pic&amp;quot; class=&amp;quot;tab_img&amp;quot;&amp;gt;&#xA;				&amp;lt;a href=&amp;quot;#&amp;quot;&amp;gt; &#xA;				&amp;lt;div style=&amp;quot;text-align:center;background:url(/Templates/master/songsq/images/yijiu/jmtdcy_16.jpg) no-repeat center top;height:431px;&amp;quot;&amp;gt;&#xA;				&amp;lt;/div&amp;gt;&#xA;&amp;lt;/a&amp;gt;&amp;lt;a href=&amp;quot;#&amp;quot;&amp;gt; &#xA;				&amp;lt;div style=&amp;quot;text-align:center;background:url(/Templates/master/songsq/images/yijiu/jmtdcy_16.jpg) no-repeat center top;height:431px;&amp;quot;&amp;gt;&#xA;				&amp;lt;/div&amp;gt;&#xA;&amp;lt;/a&amp;gt;&amp;lt;a href=&amp;quot;#&amp;quot;&amp;gt; &#xA;				&amp;lt;div style=&amp;quot;text-align:center;background:url(/Templates/master/songsq/images/yijiu/jmtdcy_16.jpg) no-repeat center top;height:431px;&amp;quot;&amp;gt;&#xA;				&amp;lt;/div&amp;gt;&#xA;&amp;lt;/a&amp;gt;&amp;lt;a href=&amp;quot;#&amp;quot;&amp;gt; &#xA;				&amp;lt;div style=&amp;quot;text-align:center;background:url(/Templates/master/songsq/images/yijiu/jmtdcy_16.jpg) no-repeat center top;height:431px;&amp;quot;&amp;gt;&#xA;				&amp;lt;/div&amp;gt;&#xA;&amp;lt;/a&amp;gt;&amp;lt;a href=&amp;quot;#&amp;quot;&amp;gt; &#xA;				&amp;lt;div style=&amp;quot;text-align:center;background:url(/Templates/master/songsq/images/yijiu/jmtdcy_16.jpg) no-repeat center top;height:431px;&amp;quot;&amp;gt;&#xA;				&amp;lt;/div&amp;gt;&#xA;&amp;lt;/a&amp;gt;&amp;lt;a href=&amp;quot;#&amp;quot;&amp;gt; &#xA;				&amp;lt;div style=&amp;quot;text-align:center;background:url(/Templates/master/songsq/images/yijiu/jmtdcy_16.jpg) no-repeat center top;height:431px;&amp;quot;&amp;gt;&#xA;				&amp;lt;/div&amp;gt;&#xA;&amp;lt;/a&amp;gt;&#xA;			&amp;lt;/div&amp;gt;&#xA;			&amp;lt;div style=&amp;quot;clear:both;&amp;quot;&amp;gt;&#xA;			&amp;lt;/div&amp;gt;&#xA;			&amp;lt;div class=&amp;quot;tab_menu&amp;quot;&amp;gt;&#xA;				&amp;lt;ul id=&amp;quot;play&amp;quot;&amp;gt;&#xA;					&amp;lt;li style=&amp;quot;cursor:pointer;&amp;quot; id=&amp;quot;li0&amp;quot; class=&amp;quot;lunhuanJSbg active&amp;quot; alt=&amp;quot;1&amp;quot;&amp;gt;&#xA;						&amp;lt;a&amp;gt;&amp;lt;/a&amp;gt;&amp;lt;br /&amp;gt;&#xA;					&amp;lt;/li&amp;gt;&#xA;					&amp;lt;li style=&amp;quot;cursor:pointer;&amp;quot; id=&amp;quot;li1&amp;quot; class=&amp;quot;lunhuanJSbg normal&amp;quot; alt=&amp;quot;2&amp;quot;&amp;gt;&#xA;						&amp;lt;a&amp;gt;&amp;lt;/a&amp;gt;&amp;lt;br /&amp;gt;&#xA;					&amp;lt;/li&amp;gt;&#xA;					&amp;lt;li style=&amp;quot;cursor:pointer;&amp;quot; id=&amp;quot;li2&amp;quot; class=&amp;quot;lunhuanJSbg normal&amp;quot; alt=&amp;quot;3&amp;quot;&amp;gt;&#xA;						&amp;lt;a&amp;gt;&amp;lt;/a&amp;gt;&amp;lt;br /&amp;gt;&#xA;					&amp;lt;/li&amp;gt;&#xA;					&amp;lt;li style=&amp;quot;cursor:pointer;&amp;quot; id=&amp;quot;li3&amp;quot; class=&amp;quot;lunhuanJSbg normal&amp;quot; alt=&amp;quot;4&amp;quot;&amp;gt;&#xA;						&amp;lt;a&amp;gt;&amp;lt;/a&amp;gt;&amp;lt;br /&amp;gt;&#xA;					&amp;lt;/li&amp;gt;&#xA;					&amp;lt;li style=&amp;quot;cursor:pointer;&amp;quot; id=&amp;quot;li4&amp;quot; class=&amp;quot;lunhuanJSbg normal&amp;quot; alt=&amp;quot;5&amp;quot;&amp;gt;&#xA;						&amp;lt;a&amp;gt;&amp;lt;/a&amp;gt;&amp;lt;br /&amp;gt;&#xA;					&amp;lt;/li&amp;gt;&#xA;					&amp;lt;li style=&amp;quot;cursor:pointer;&amp;quot; id=&amp;quot;li5&amp;quot; class=&amp;quot;lunhuanJSbg normal&amp;quot; alt=&amp;quot;6&amp;quot;&amp;gt;&#xA;						&amp;lt;a&amp;gt;&amp;lt;/a&amp;gt;&amp;lt;br /&amp;gt;&#xA;					&amp;lt;/li&amp;gt;&#xA;				&amp;lt;/ul&amp;gt;&#xA;			&amp;lt;/div&amp;gt;&#xA;		&amp;lt;/div&amp;gt;&#xA;		&amp;lt;div style=&amp;quot;clear:both;&amp;quot;&amp;gt;&#xA;		&amp;lt;/div&amp;gt;&#xA;	&amp;lt;/div&amp;gt;&#xA;&amp;lt;!--右侧 --&amp;gt;&#xA;&amp;lt;/div&amp;gt;" />
  <Ad Id="12" Type="image" Image="/templates/master/songsq/UploadImage/advertimg/20140323155818_5489.jpg" Url="" AdImageSize="204*276" />
  <Ad Id="13" Type="custom" Html="&amp;lt;img src=&amp;quot;/templates/master/songsq/UploadImage/AdvertImg/20140323161210_7165.jpg&amp;quot; alt=&amp;quot;&amp;quot; border=&amp;quot;0&amp;quot; /&amp;gt;&amp;lt;img src=&amp;quot;/templates/master/songsq/UploadImage/AdvertImg/20140323161217_1728.jpg&amp;quot; alt=&amp;quot;&amp;quot; border=&amp;quot;0&amp;quot; /&amp;gt;&amp;lt;img src=&amp;quot;/templates/master/songsq/UploadImage/AdvertImg/20140323161222_7912.jpg&amp;quot; alt=&amp;quot;&amp;quot; border=&amp;quot;0&amp;quot; /&amp;gt;&amp;lt;img src=&amp;quot;/templates/master/songsq/UploadImage/AdvertImg/20140323161228_9365.jpg&amp;quot; alt=&amp;quot;&amp;quot; border=&amp;quot;0&amp;quot; /&amp;gt;" />
  <Ad Id="14" Type="image" Image="/templates/master/songsq/UploadImage/advertimg/20140323155818_5489.jpg" Url="" AdImageSize="204*276" />
  <Ad Id="15" Type="custom" Html="&amp;lt;img src=&amp;quot;/templates/master/songsq/UploadImage/AdvertImg/20140323161210_7165.jpg&amp;quot; alt=&amp;quot;&amp;quot; border=&amp;quot;0&amp;quot; /&amp;gt;&amp;lt;img src=&amp;quot;/templates/master/songsq/UploadImage/AdvertImg/20140323161217_1728.jpg&amp;quot; alt=&amp;quot;&amp;quot; border=&amp;quot;0&amp;quot; /&amp;gt;&amp;lt;img src=&amp;quot;/templates/master/songsq/UploadImage/AdvertImg/20140323161222_7912.jpg&amp;quot; alt=&amp;quot;&amp;quot; border=&amp;quot;0&amp;quot; /&amp;gt;&amp;lt;img src=&amp;quot;/templates/master/songsq/UploadImage/AdvertImg/20140323161228_9365.jpg&amp;quot; alt=&amp;quot;&amp;quot; border=&amp;quot;0&amp;quot; /&amp;gt;" />
  <Ad Id="16" Type="custom" Html="&amp;lt;div style=&amp;quot;text-align:center;background:#dfe1e0;margin-top:20px;&amp;quot;&amp;gt;&amp;lt;img src=&amp;quot;/templates/master/songsq/UploadImage/AdvertImg/20140912143428_8150.jpg&amp;quot; title=&amp;quot;songsqcy_92&amp;quot; alt=&amp;quot;songsqcy_92&amp;quot; border=&amp;quot;0&amp;quot; /&amp;gt;&amp;lt;/div&amp;gt;" />
  <Ad Id="498" Type="custom" Html="&amp;lt;img src=&amp;quot;/templates/master/songsq/UploadImage/AdvertImg/20140324194241_6398.jpg&amp;quot; alt=&amp;quot;&amp;quot; border=&amp;quot;0&amp;quot; /&amp;gt;" />
  <Ad Id="499" Type="custom" Html="&amp;lt;img src=&amp;quot;/templates/master/songsq/UploadImage/AdvertImg/20140324194241_6398.jpg&amp;quot; alt=&amp;quot;&amp;quot; border=&amp;quot;0&amp;quot; /&amp;gt;" />
  <Ad Id="500" Type="image" Image="/templates/master/songsq/UploadImage/advertimg/20140323210347_0322.jpg" Url="" AdImageSize="204*276" />
  <Ad Id="17" Type="custom" Html="&amp;lt;img src=&amp;quot;/templates/master/songsq/UploadImage/AdvertImg/20140912144227_7994.jpg&amp;quot; title=&amp;quot;songsqcy_95&amp;quot; alt=&amp;quot;songsqcy_95&amp;quot; border=&amp;quot;0&amp;quot; /&amp;gt;" />
  <Ad Id="18" Type="image" Image="/templates/master/songsq/UploadImage/advertimg/20140911110855_8861.jpg" Url="" AdImageSize="215*114" />
  <Ad Id="19" Type="image" Image="/templates/master/songsq/UploadImage/advertimg/20140622220646_2197.jpg" Url="" AdImageSize="270*180" />
  <Ad Id="20" Type="custom" Html="&amp;lt;img src=&amp;quot;/templates/master/songsq/UploadImage/AdvertImg/20140911111150_3121.jpg&amp;quot; title=&amp;quot;songsqcy_63&amp;quot; alt=&amp;quot;songsqcy_63&amp;quot; border=&amp;quot;0&amp;quot; /&amp;gt;" />
  <Ad Id="21" Type="custom" Html="&amp;lt;img src=&amp;quot;/templates/master/songsq/UploadImage/AdvertImg/20140622224721_6890.jpg&amp;quot; title=&amp;quot;songsq_45&amp;quot; alt=&amp;quot;songsq_45&amp;quot; border=&amp;quot;0&amp;quot; /&amp;gt;&amp;lt;br /&amp;gt;" />
  <Ad Id="22" Type="image" Image="/templates/master/songsq/UploadImage/advertimg/20140623090000_9322.jpg" Url="" AdImageSize="270*180" />
  <Ad Id="23" Type="custom" Html="&amp;lt;div style=&amp;quot;background:#fe3f37;text-align:center;&amp;quot;&amp;gt;&#xA;	&amp;lt;img src=&amp;quot;/templates/master/default/UploadImage/AdvertImg/20160331145919_8098.jpg&amp;quot; alt=&amp;quot;&amp;quot; /&amp;gt; &#xA;&amp;lt;/div&amp;gt;" />
  <Ad Id="24" Type="custom" Html="&amp;lt;img src=&amp;quot;/templates/master/songsq/UploadImage/AdvertImg/20140623095337_5026.jpg&amp;quot; title=&amp;quot;songsq_60&amp;quot; alt=&amp;quot;songsq_60&amp;quot; border=&amp;quot;0&amp;quot; /&amp;gt;&amp;lt;img src=&amp;quot;/templates/master/songsq/UploadImage/AdvertImg/20140623095245_5918.jpg&amp;quot; title=&amp;quot;songsq_52&amp;quot; alt=&amp;quot;songsq_52&amp;quot; border=&amp;quot;0&amp;quot; /&amp;gt;&amp;lt;img src=&amp;quot;/templates/master/songsq/UploadImage/AdvertImg/20140623095254_2453.jpg&amp;quot; title=&amp;quot;songsq_54&amp;quot; alt=&amp;quot;songsq_54&amp;quot; border=&amp;quot;0&amp;quot; /&amp;gt;&amp;lt;img src=&amp;quot;/templates/master/songsq/UploadImage/AdvertImg/20140623095302_5404.jpg&amp;quot; title=&amp;quot;songsq_56&amp;quot; alt=&amp;quot;songsq_56&amp;quot; border=&amp;quot;0&amp;quot; /&amp;gt;&amp;lt;img src=&amp;quot;/templates/master/songsq/UploadImage/AdvertImg/20140623095311_4082.jpg&amp;quot; title=&amp;quot;songsq_58&amp;quot; alt=&amp;quot;songsq_58&amp;quot; border=&amp;quot;0&amp;quot; /&amp;gt;&amp;lt;img src=&amp;quot;/templates/master/songsq/UploadImage/AdvertImg/20140623095319_3331.jpg&amp;quot; title=&amp;quot;songsq_62&amp;quot; alt=&amp;quot;songsq_62&amp;quot; border=&amp;quot;0&amp;quot; /&amp;gt;" />
  <Ad Id="25" Type="custom" Html="争分夺秒" />
  <Ad Id="26" Type="custom" Html="大牌热卖" />
  <Ad Id="27" Type="custom" Html="品牌精品店" />
  <Ad Id="28" Type="slide" Image1="/templates/master/songsq/UploadImage/advertimg/20140910145853_0373.jpg" Image2="/templates/master/songsq/UploadImage/advertimg/20140910145853_0373.jpg" Image3="/templates/master/songsq/UploadImage/advertimg/20140910145853_0373.jpg" Image4="" Image5="" Image6="" Image7="" Image8="" Image9="" Image10="" Url1="" Url2="" Url3="" Url4="" Url5="" Url6="" Url7="" Url8="" Url9="" Url10="" AdImageSize="357*362" />
  <Ad Id="29" Type="custom" Html="&amp;lt;table width=&amp;quot;100%&amp;quot; border=&amp;quot;0&amp;quot; cellspacing=&amp;quot;0&amp;quot; cellpadding=&amp;quot;0&amp;quot; class=&amp;quot;ke-zeroborder&amp;quot;&amp;gt;&#xA;  &amp;lt;tbody&amp;gt;&amp;lt;tr&amp;gt;&#xA;    &amp;lt;td align=&amp;quot;left&amp;quot; valign=&amp;quot;top&amp;quot;&amp;gt;&amp;lt;img src=&amp;quot;/templates/master/songsq/UploadImage/AdvertImg/20140910151219_2994.jpg&amp;quot; title=&amp;quot;songsqcy_29&amp;quot; alt=&amp;quot;songsqcy_29&amp;quot; border=&amp;quot;0&amp;quot; /&amp;gt;&amp;lt;/td&amp;gt;&#xA;    &amp;lt;td align=&amp;quot;right&amp;quot; valign=&amp;quot;top&amp;quot;&amp;gt;&amp;lt;img src=&amp;quot;/templates/master/songsq/UploadImage/AdvertImg/20140910151231_3651.jpg&amp;quot; title=&amp;quot;songsqcy_31&amp;quot; alt=&amp;quot;songsqcy_31&amp;quot; border=&amp;quot;0&amp;quot; /&amp;gt;&amp;lt;/td&amp;gt;&#xA;  &amp;lt;/tr&amp;gt;&#xA;  &amp;lt;tr&amp;gt;&#xA;    &amp;lt;td align=&amp;quot;left&amp;quot; valign=&amp;quot;bottom&amp;quot;&amp;gt;&amp;lt;img src=&amp;quot;/templates/master/songsq/UploadImage/AdvertImg/20140910151240_8527.jpg&amp;quot; title=&amp;quot;songsqcy_37&amp;quot; alt=&amp;quot;songsqcy_37&amp;quot; border=&amp;quot;0&amp;quot; /&amp;gt;&amp;lt;/td&amp;gt;&#xA;    &amp;lt;td align=&amp;quot;right&amp;quot; valign=&amp;quot;bottom&amp;quot;&amp;gt;&amp;lt;img src=&amp;quot;/templates/master/songsq/UploadImage/AdvertImg/20140910151250_5702.jpg&amp;quot; title=&amp;quot;songsqcy_38&amp;quot; alt=&amp;quot;songsqcy_38&amp;quot; border=&amp;quot;0&amp;quot; /&amp;gt;&amp;lt;/td&amp;gt;&#xA;  &amp;lt;/tr&amp;gt;&#xA;&amp;lt;/tbody&amp;gt;&#xA;&amp;lt;/table&amp;gt;" />
  <Ad Id="30" Type="slide" Image1="/templates/master/songsq/UploadImage/advertimg/20140910151709_9851.jpg" Image2="/templates/master/songsq/UploadImage/advertimg/20140910151709_9851.jpg" Image3="/templates/master/songsq/UploadImage/advertimg/20140910151709_9851.jpg" Image4="" Image5="" Image6="" Image7="" Image8="" Image9="" Image10="" Url1="" Url2="" Url3="" Url4="" Url5="" Url6="" Url7="" Url8="" Url9="" Url10="" AdImageSize="220*362" />
  <Ad Id="31" Type="image" Image="/templates/master/newmaotai/UploadImage/advertimg/20140604111808_0395.jpg" Url="" AdImageSize="204*276" />
  <Ad Id="32" Type="slide" Image1="/templates/master/songsq/UploadImage/advertimg/20140911113049_0142.jpg" Image2="/templates/master/songsq/UploadImage/advertimg/20140911113049_0142.jpg" Image3="/templates/master/songsq/UploadImage/advertimg/20140911113049_0142.jpg" Image4="" Image5="" Image6="" Image7="" Image8="" Image9="" Image10="" Url1="" Url2="" Url3="" Url4="" Url5="" Url6="" Url7="" Url8="" Url9="" Url10="" AdImageSize="243*340" />
  <Ad Id="33" Type="image" Image="/templates/master/songsq/UploadImage/advertimg/20140911113755_8326.jpg" Url="" AdImageSize="243*341" />
  <Ad Id="34" Type="slide" Image1="/templates/master/songsq/UploadImage/advertimg/20140911113049_0142.jpg" Image2="/templates/master/songsq/UploadImage/advertimg/20140911113049_0142.jpg" Image3="/templates/master/songsq/UploadImage/advertimg/20140911113049_0142.jpg" Image4="" Image5="" Image6="" Image7="" Image8="" Image9="" Image10="" Url1="" Url2="" Url3="" Url4="" Url5="" Url6="" Url7="" Url8="" Url9="" Url10="" AdImageSize="243*340" />
  <Ad Id="35" Type="image" Image="/templates/master/songsq/UploadImage/advertimg/20140911113755_8326.jpg" Url="" AdImageSize="243*341" />
  <Ad Id="36" Type="slide" Image1="/templates/master/songsq/UploadImage/advertimg/20140911113049_0142.jpg" Image2="/templates/master/songsq/UploadImage/advertimg/20140911113049_0142.jpg" Image3="/templates/master/songsq/UploadImage/advertimg/20140911113049_0142.jpg" Image4="" Image5="" Image6="" Image7="" Image8="" Image9="" Image10="" Url1="" Url2="" Url3="" Url4="" Url5="" Url6="" Url7="" Url8="" Url9="" Url10="" AdImageSize="243*340" />
  <Ad Id="37" Type="image" Image="/templates/master/songsq/UploadImage/advertimg/20140911113755_8326.jpg" Url="" AdImageSize="243*341" />
  <Ad Id="38" Type="slide" Image1="/templates/master/songsq/UploadImage/advertimg/20140911113049_0142.jpg" Image2="/templates/master/songsq/UploadImage/advertimg/20140911113049_0142.jpg" Image3="/templates/master/songsq/UploadImage/advertimg/20140911113049_0142.jpg" Image4="" Image5="" Image6="" Image7="" Image8="" Image9="" Image10="" Url1="" Url2="" Url3="" Url4="" Url5="" Url6="" Url7="" Url8="" Url9="" Url10="" AdImageSize="243*340" />
  <Ad Id="39" Type="image" Image="/templates/master/songsq/UploadImage/advertimg/20140911113755_8326.jpg" Url="" AdImageSize="243*341" />
  <Ad Id="40" Type="custom" Html="&amp;lt;img src=&amp;quot;/templates/master/songsq/UploadImage/AdvertImg/20140911163154_8791.jpg&amp;quot; title=&amp;quot;songsqcy_78&amp;quot; alt=&amp;quot;songsqcy_78&amp;quot; border=&amp;quot;0&amp;quot; /&amp;gt;&amp;lt;img src=&amp;quot;/templates/master/songsq/UploadImage/AdvertImg/20140911163203_2556.jpg&amp;quot; title=&amp;quot;songsqcy_80&amp;quot; alt=&amp;quot;songsqcy_80&amp;quot; border=&amp;quot;0&amp;quot; /&amp;gt;&amp;lt;img src=&amp;quot;/templates/master/songsq/UploadImage/AdvertImg/20140911163233_8973.jpg&amp;quot; title=&amp;quot;songsqcy_82&amp;quot; alt=&amp;quot;songsqcy_82&amp;quot; border=&amp;quot;0&amp;quot; /&amp;gt;&amp;lt;img src=&amp;quot;/templates/master/songsq/UploadImage/AdvertImg/20140911163254_2345.jpg&amp;quot; title=&amp;quot;songsqcy_84&amp;quot; alt=&amp;quot;songsqcy_84&amp;quot; border=&amp;quot;0&amp;quot; /&amp;gt;&amp;lt;br /&amp;gt;" />
  <Ad Id="41" Type="image" Image="/templates/master/songsq/UploadImage/advertimg/20140911172648_6885.jpg" Url="" AdImageSize="1200*131" />
  <Ad Id="42" Type="slide" Image1="/templates/master/songsq/UploadImage/advertimg/20140912111832_8606.jpg" Image2="/templates/master/songsq/UploadImage/advertimg/20140912111832_8606.jpg" Image3="/templates/master/songsq/UploadImage/advertimg/20140912111832_8606.jpg" Image4="" Image5="" Image6="" Image7="" Image8="" Image9="" Image10="" Url1="" Url2="" Url3="" Url4="" Url5="" Url6="" Url7="" Url8="" Url9="" Url10="" AdImageSize="410*180" />
  <Ad Id="43" Type="slide" Image1="/templates/master/songsq/UploadImage/advertimg/20140912111832_8606.jpg" Image2="/templates/master/songsq/UploadImage/advertimg/20140912111832_8606.jpg" Image3="/templates/master/songsq/UploadImage/advertimg/20140912111832_8606.jpg" Image4="" Image5="" Image6="" Image7="" Image8="" Image9="" Image10="" Url1="" Url2="" Url3="" Url4="" Url5="" Url6="" Url7="" Url8="" Url9="" Url10="" AdImageSize="410*180" />
  <Ad Id="44" Type="slide" Image1="/templates/master/songsq/UploadImage/advertimg/20140912111832_8606.jpg" Image2="/templates/master/songsq/UploadImage/advertimg/20140912111832_8606.jpg" Image3="/templates/master/songsq/UploadImage/advertimg/20140912111832_8606.jpg" Image4="" Image5="" Image6="" Image7="" Image8="" Image9="" Image10="" Url1="" Url2="" Url3="" Url4="" Url5="" Url6="" Url7="" Url8="" Url9="" Url10="" AdImageSize="410*180" />
  <Ad Id="45" Type="slide" Image1="/templates/master/songsq/UploadImage/advertimg/20140912111832_8606.jpg" Image2="/templates/master/songsq/UploadImage/advertimg/20140912111832_8606.jpg" Image3="/templates/master/songsq/UploadImage/advertimg/20140912111832_8606.jpg" Image4="" Image5="" Image6="" Image7="" Image8="" Image9="" Image10="" Url1="" Url2="" Url3="" Url4="" Url5="" Url6="" Url7="" Url8="" Url9="" Url10="" AdImageSize="410*180" />
  <Ad Id="46" Type="custom" Html="&amp;lt;img src=&amp;quot;/templates/master/songsq/UploadImage/AdvertImg/20140912145428_4067.jpg&amp;quot; title=&amp;quot;songsqcy_103&amp;quot; alt=&amp;quot;songsqcy_103&amp;quot; border=&amp;quot;0&amp;quot; /&amp;gt;" />
  <Ad Id="47" Type="custom" Html="新品抢鲜" />
  <Ad Id="48" Type="custom" Html="茗茶热卖" />
  <Ad Id="49" Type="custom" Html="品牌热卖" />
  <Ad Id="50" Type="custom" Html="茶叶百科" />
  <Ad Id="51" Type="custom" Html="商城动态" />
  <Ad Id="52" Type="custom" Html="行业资讯" />
  <Ad Id="53" Type="custom" Html="媒体关注" />
  <Ad Id="54" Type="custom" Html="&amp;lt;a href=&amp;quot;#&amp;quot;&amp;gt;&amp;lt;img src=&amp;quot;/templates/master/songsq/UploadImage/AdvertImg/20140912160235_2574.jpg&amp;quot; title=&amp;quot;songsqcy_19&amp;quot; alt=&amp;quot;songsqcy_19&amp;quot; border=&amp;quot;0&amp;quot; /&amp;gt;&amp;lt;/a&amp;gt; &amp;lt;a href=&amp;quot;#&amp;quot;&amp;gt;&amp;lt;img src=&amp;quot;/templates/master/songsq/UploadImage/AdvertImg/20140912160245_3840.jpg&amp;quot; title=&amp;quot;songsqcy_32&amp;quot; alt=&amp;quot;songsqcy_32&amp;quot; border=&amp;quot;0&amp;quot; /&amp;gt;&amp;lt;/a&amp;gt; &amp;lt;a href=&amp;quot;#&amp;quot;&amp;gt;&amp;lt;img src=&amp;quot;/templates/master/songsq/UploadImage/AdvertImg/20140912160254_8845.jpg&amp;quot; title=&amp;quot;songsqcy_33&amp;quot; alt=&amp;quot;songsqcy_33&amp;quot; border=&amp;quot;0&amp;quot; /&amp;gt;&amp;lt;/a&amp;gt; &amp;lt;a href=&amp;quot;#&amp;quot;&amp;gt;&amp;lt;img src=&amp;quot;/templates/master/songsq/UploadImage/AdvertImg/20140912160302_2790.jpg&amp;quot; title=&amp;quot;songsqcy_34&amp;quot; alt=&amp;quot;songsqcy_34&amp;quot; border=&amp;quot;0&amp;quot; /&amp;gt;&amp;lt;/a&amp;gt; &amp;lt;a href=&amp;quot;#&amp;quot;&amp;gt;&amp;lt;img src=&amp;quot;/templates/master/songsq/UploadImage/AdvertImg/20140912160310_9915.jpg&amp;quot; title=&amp;quot;songsqcy_39&amp;quot; alt=&amp;quot;songsqcy_39&amp;quot; border=&amp;quot;0&amp;quot; /&amp;gt;&amp;lt;/a&amp;gt; &amp;lt;a href=&amp;quot;#&amp;quot;&amp;gt;&amp;lt;img src=&amp;quot;/templates/master/songsq/UploadImage/AdvertImg/20140912160325_0453.jpg&amp;quot; title=&amp;quot;songsqcy_40&amp;quot; alt=&amp;quot;songsqcy_40&amp;quot; border=&amp;quot;0&amp;quot; /&amp;gt;&amp;lt;/a&amp;gt;" />
  <Ad Id="55" Type="custom" Html="移动客户端" />
  <Ad Id="56" Type="custom" Html="茶文化" />
</root>