﻿<?xml version="1.0" encoding="utf-8"?>
<root>
  <Ad Id="498" Type="custom" Html="&amp;lt;img src=&amp;quot;/templates/master/yueer/UploadImage/AdvertImg/t35.jpg&amp;quot; title=&amp;quot;t35.jpg&amp;quot; alt=&amp;quot;t35.jpg&amp;quot; border=&amp;quot;0&amp;quot; /&amp;gt;" />
  <Ad Id="499" Type="custom" Html="&amp;lt;img src=&amp;quot;/templates/master/yueer/UploadImage/AdvertImg/t35.jpg&amp;quot; title=&amp;quot;t35.jpg&amp;quot; alt=&amp;quot;t35.jpg&amp;quot; border=&amp;quot;0&amp;quot; /&amp;gt;" />
  <Ad Id="500" Type="image" Image="/templates/master/yueer/UploadImage/advertimg/20140323210347_0322.jpg" Url="" AdImageSize="204*276" />
  <Ad Id="1" Type="custom" Html="&amp;lt;img src=&amp;quot;/templates/master/yueer/UploadImage/AdvertImg/t2.jpg&amp;quot; title=&amp;quot;t2.jpg&amp;quot; alt=&amp;quot;t2.jpg&amp;quot; border=&amp;quot;0&amp;quot; /&amp;gt;" />
  <Ad Id="2" Type="image" Image="/templates/master/yueer/UploadImage/advertimg/t9.jpg" Url="" AdImageSize="390*480" />
  <Ad Id="3" Type="image" Image="/templates/master/yueer/UploadImage/advertimg/t9.jpg" Url="" AdImageSize="390*480" />
  <Ad Id="4" Type="image" Image="/templates/master/yueer/UploadImage/advertimg/t9.jpg" Url="" AdImageSize="390*480" />
  <Ad Id="5" Type="image" Image="/templates/master/yueer/UploadImage/advertimg/t11.jpg" Url="" AdImageSize="953*334" />
  <Ad Id="6" Type="image" Image="/templates/master/yueer/UploadImage/advertimg/t11.jpg" Url="" AdImageSize="953*334" />
  <Ad Id="7" Type="image" Image="/templates/master/yueer/UploadImage/advertimg/t11.jpg" Url="" AdImageSize="953*334" />
  <Ad Id="8" Type="image" Image="/templates/master/yueer/UploadImage/advertimg/t13.jpg" Url="" AdImageSize="234*321" />
  <Ad Id="9" Type="image" Image="/templates/master/yueer/UploadImage/advertimg/t13.jpg" Url="" AdImageSize="234*321" />
  <Ad Id="10" Type="image" Image="/templates/master/yueer/UploadImage/advertimg/t13.jpg" Url="" AdImageSize="234*321" />
  <Ad Id="11" Type="image" Image="/templates/master/yueer/UploadImage/advertimg/t14.jpg" Url="" AdImageSize="600*228" />
  <Ad Id="12" Type="image" Image="/templates/master/yueer/UploadImage/advertimg/t15.jpg" Url="" AdImageSize="600*228" />
  <Ad Id="13" Type="image" Image="/templates/master/yueer/UploadImage/advertimg/t16.jpg" Url="" AdImageSize="600*228" />
  <Ad Id="14" Type="image" Image="/templates/master/yueer/UploadImage/advertimg/t17.jpg" Url="" AdImageSize="600*228" />
  <Ad Id="15" Type="image" Image="/templates/master/yueer/UploadImage/advertimg/t19.jpg" Url="" AdImageSize="1200*142" />
  <Ad Id="16" Type="custom" Html="&amp;lt;p&amp;gt;&amp;lt;a href=&amp;quot;#&amp;quot;&amp;gt;关于天猫&amp;lt;/a&amp;gt; &amp;lt;a href=&amp;quot;#&amp;quot;&amp;gt;帮助中心&amp;lt;/a&amp;gt; &amp;lt;a href=&amp;quot;#&amp;quot;&amp;gt;诚聘英才&amp;lt;/a&amp;gt; &amp;lt;a href=&amp;quot;#&amp;quot;&amp;gt;联系我们&amp;lt;/a&amp;gt; &amp;lt;a href=&amp;quot;#&amp;quot;&amp;gt;网站合作&amp;lt;/a&amp;gt; &amp;lt;a href=&amp;quot;#&amp;quot;&amp;gt;版权说明&amp;lt;/a&amp;gt;&amp;lt;/p&amp;gt;&#xA;            &amp;lt;p&amp;gt;&amp;lt;a href=&amp;quot;#&amp;quot;&amp;gt;阿里巴巴集团&amp;lt;/a&amp;gt;&amp;lt;span&amp;gt;|&amp;lt;/span&amp;gt;&amp;lt;a href=&amp;quot;#&amp;quot;&amp;gt;淘宝网&amp;lt;/a&amp;gt;&amp;lt;span&amp;gt;|&amp;lt;/span&amp;gt;&amp;lt;a href=&amp;quot;#&amp;quot;&amp;gt;天猫&amp;lt;/a&amp;gt;&amp;lt;span&amp;gt;|&amp;lt;/span&amp;gt;&amp;lt;a href=&amp;quot;#&amp;quot;&amp;gt;聚划算&amp;lt;/a&amp;gt;&amp;lt;span&amp;gt;|&amp;lt;/span&amp;gt;&amp;lt;a href=&amp;quot;#&amp;quot;&amp;gt;全球速卖通&amp;lt;/a&amp;gt;&amp;lt;span&amp;gt;|&amp;lt;/span&amp;gt;&amp;lt;a href=&amp;quot;#&amp;quot;&amp;gt;阿里巴巴国际交易市场&amp;lt;/a&amp;gt;&amp;lt;span&amp;gt;|&amp;lt;/span&amp;gt;&amp;lt;a href=&amp;quot;#&amp;quot;&amp;gt;1688&amp;lt;/a&amp;gt;&amp;lt;span&amp;gt;|&amp;lt;/span&amp;gt;&amp;lt;a href=&amp;quot;#&amp;quot;&amp;gt;阿里妈妈&amp;lt;/a&amp;gt;&amp;lt;span&amp;gt;|&amp;lt;/span&amp;gt;&amp;lt;a href=&amp;quot;#&amp;quot;&amp;gt;去啊&amp;lt;/a&amp;gt;&amp;lt;span&amp;gt;|&amp;lt;/span&amp;gt;&amp;lt;a href=&amp;quot;#&amp;quot;&amp;gt;阿里云计算&amp;lt;/a&amp;gt;&amp;lt;span&amp;gt;|&amp;lt;/span&amp;gt;&amp;lt;a href=&amp;quot;#&amp;quot;&amp;gt;YunOS&amp;lt;/a&amp;gt;&amp;lt;span&amp;gt;|&amp;lt;/span&amp;gt;&amp;lt;a href=&amp;quot;#&amp;quot;&amp;gt;阿里通信&amp;lt;/a&amp;gt;&amp;lt;span&amp;gt;|&amp;lt;/span&amp;gt;&amp;lt;a href=&amp;quot;#&amp;quot;&amp;gt;万网&amp;lt;/a&amp;gt;&amp;lt;span&amp;gt;|&amp;lt;/span&amp;gt;&amp;lt;a href=&amp;quot;#&amp;quot;&amp;gt;高德&amp;lt;/a&amp;gt;&amp;lt;span&amp;gt;|&amp;lt;/span&amp;gt;&amp;lt;a href=&amp;quot;#&amp;quot;&amp;gt;优视&amp;lt;/a&amp;gt;&amp;lt;span&amp;gt;|&amp;lt;/span&amp;gt;&amp;lt;a href=&amp;quot;#&amp;quot;&amp;gt;友盟&amp;lt;/a&amp;gt;&amp;lt;span&amp;gt;|&amp;lt;/span&amp;gt;&amp;lt;a href=&amp;quot;#&amp;quot;&amp;gt;酷盘&amp;lt;/a&amp;gt;&amp;lt;span&amp;gt;|&amp;lt;/span&amp;gt;&amp;lt;a href=&amp;quot;#&amp;quot;&amp;gt;虾米&amp;lt;/a&amp;gt;&amp;lt;span&amp;gt;|&amp;lt;/span&amp;gt;&amp;lt;a href=&amp;quot;#&amp;quot;&amp;gt;天天动听&amp;lt;/a&amp;gt;&amp;lt;span&amp;gt;|&amp;lt;/span&amp;gt;&amp;lt;a href=&amp;quot;#&amp;quot;&amp;gt;来往&amp;lt;/a&amp;gt;&amp;lt;span&amp;gt;|&amp;lt;/span&amp;gt;&amp;lt;a href=&amp;quot;#&amp;quot;&amp;gt;11 Main&amp;lt;/a&amp;gt;&amp;lt;span&amp;gt;|&amp;lt;/span&amp;gt;&amp;lt;a href=&amp;quot;#&amp;quot;&amp;gt;支付宝&amp;lt;/a&amp;gt;&amp;lt;/p&amp;gt;&#xA;            &amp;lt;p style=&amp;quot;margin-top:20px;&amp;quot;&amp;gt;&amp;lt;em&amp;gt;© 2003-2015 Tmall.com 版权所有&amp;lt;/em&amp;gt; 	&amp;lt;em&amp;gt;增值电信业务经营许可证：浙B2-20110446&amp;lt;/em&amp;gt;	&amp;lt;em&amp;gt;网络文化经营许可证：浙网文[2012]0234-028号&amp;lt;/em&amp;gt;	&amp;lt;em&amp;gt;互联网医疗保健信息服务 审核同意书 浙 卫网审【2012】6号&amp;lt;/em&amp;gt;	&amp;lt;em&amp;gt;互联网药品信息服务资质证书编号：浙-（经营性）-2012-0005&amp;lt;/em&amp;gt;&amp;lt;/p&amp;gt;" />
  <Ad Id="17" Type="custom" Html="&amp;lt;span&amp;gt;&amp;lt;img src=&amp;quot;/templates/master/yueer/UploadImage/advertimg/t22.jpg&amp;quot; /&amp;gt;&amp;lt;/span&amp;gt; &amp;lt;span&amp;gt;&amp;lt;img src=&amp;quot;/templates/master/yueer/UploadImage/advertimg/t22.jpg&amp;quot; /&amp;gt;&amp;lt;/span&amp;gt; &amp;lt;span&amp;gt;&amp;lt;a href=&amp;quot;#&amp;quot;&amp;gt;&amp;lt;img src=&amp;quot;/templates/master/yueer/UploadImage/advertimg/t21.jpg&amp;quot; /&amp;gt;&amp;lt;/a&amp;gt;&amp;lt;/span&amp;gt; &amp;lt;span&amp;gt;&amp;lt;a href=&amp;quot;#&amp;quot;&amp;gt;&amp;lt;img src=&amp;quot;/templates/master/yueer/UploadImage/advertimg/t20.jpg&amp;quot; /&amp;gt;&amp;lt;/a&amp;gt;&amp;lt;/span&amp;gt;" />
  <Ad Id="18" Type="image" Image="/templates/master/yueer/UploadImage/advertimg/t23.jpg" Url="" AdImageSize="1200*416" />
  <Ad Id="19" Type="slide" Image1="/templates/master/yueer/images/add/banner.jpg" Image2="/templates/master/yueer/images/add/banner.jpg" Image3="/templates/master/yueer/images/add/banner.jpg" Image4="" Image5="" Image6="" Image7="" Image8="" Image9="" Image10="" Url1="" Url2="" Url3="" Url4="" Url5="" Url6="" Url7="" Url8="" Url9="" Url10="" AdImageSize="1920*470" />
  <Ad Id="23" Type="custom" Html="&amp;lt;div style=&amp;quot;background:#fe3f37;text-align:center;&amp;quot;&amp;gt;&#xA;	&amp;lt;img src=&amp;quot;/templates/master/default/UploadImage/AdvertImg/20160331145919_8098.jpg&amp;quot; alt=&amp;quot;&amp;quot; /&amp;gt; &#xA;&amp;lt;/div&amp;gt;" />
</root>