﻿<?xml version="1.0" encoding="utf-8"?>
<root>
  <Subject SubjectId="1" Type="simple" CategoryId="223" TagId="" BrandId="" TypeId="" AttributeString="" MaxNum="4" ImageSize="220" ImageSizeRange="220" />
  <Subject SubjectId="2" Type="simple" CategoryId="223" TagId="" BrandId="" TypeId="" AttributeString="" MaxNum="4" ImageSize="220" ImageSizeRange="220" />
  <Subject SubjectId="3" Type="simple" CategoryId="223" TagId="" BrandId="" TypeId="" AttributeString="" MaxNum="4" ImageSize="220" ImageSizeRange="220" />
  <Subject SubjectId="4" Type="simple" CategoryId="223" TagId="" BrandId="" TypeId="" AttributeString="" MaxNum="4" ImageSize="220" ImageSizeRange="220" />
  <Subject SubjectId="5" Type="simple" CategoryId="223" TagId="" BrandId="" TypeId="" AttributeString="" MaxNum="4" ImageSize="220" ImageSizeRange="220" />
  <Subject SubjectId="6" Type="simple" CategoryId="223" TagId="" BrandId="" TypeId="" AttributeString="" MaxNum="4" ImageSize="220" ImageSizeRange="220" />
  <Subject SubjectId="7" Type="simple" CategoryId="223" TagId="" BrandId="" TypeId="" AttributeString="" MaxNum="4" ImageSize="220" ImageSizeRange="220" />
  <Subject SubjectId="8" Type="top" CategoryId="" MaxNum="6" ImageNum="6" IsShowPrice="true" IsShowSaleCounts="true" IsImgShowPrice="true" IsImgShowSaleCounts="true" ImageSize="100" ImageSizeRange="100" />
   <Subject SubjectId="17" Type="top" CategoryId="" MaxNum="5" ImageNum="5" IsShowPrice="false" IsShowSaleCounts="false" IsImgShowPrice="true" IsImgShowSaleCounts="false" ImageSize="160" ImageSizeRange="60" SkinName="HomeTags/SubjectProduct/Common_SubjectProduct_Top2.html" />
</root>