﻿<?xml version="1.0" encoding="utf-8"?>
<root>
  <Ad Id="1" Type="slide" Image1="/templates/master/default/UploadImage/advertimg/20160509143551_3641.jpg" Image2="/templates/master/default/UploadImage/advertimg/20160523171359_0737.jpg" Image3="/templates/master/default/UploadImage/advertimg/20160524110253_4431.jpg" Image4="" Image5="" Image6="" Image7="" Image8="" Image9="" Image10="" Url1="" Url2="" Url3="" Url4="" Url5="" Url6="" Url7="" Url8="" Url9="" Url10="" AdImageSize="755*450" />
  <Ad Id="2" Type="image" Image="/templates/master/zhubao/UploadImage/advertimg/20140221171528_2596.jpg" Url="" AdImageSize="285*127" />
  <Ad Id="3" Type="image" Image="/templates/master/default/UploadImage/advertimg/ad-03.jpg" Url="" AdImageSize="239*160" />
  <Ad Id="4" Type="image" Image="/templates/master/zhubao/UploadImage/advertimg/20140221171601_7175.jpg" Url="" AdImageSize="189*38" />
  <Ad Id="5" Type="image" Image="/templates/master/zhubao/UploadImage/advertimg/20140224154151_0804.jpg" Url="" AdImageSize="975*352" />
  <Ad Id="6" Type="image" Image="/templates/master/zhubao/UploadImage/advertimg/20140224152819_5950.jpg" Url="" AdImageSize="215*145" />
  <Ad Id="7" Type="image" Image="/templates/master/zhubao/UploadImage/advertimg/20140224160822_3804.jpg" Url="" AdImageSize="209*93" />
  <Ad Id="8" Type="image" Image="/templates/master/zhubao/UploadImage/advertimg/20140224165503_2656.jpg" Url="" AdImageSize="339*646" />
  <Ad Id="9" Type="image" Image="/templates/master/zhubao/UploadImage/advertimg/20140224172822_6270.jpg" Url="" AdImageSize="1200*50" />
  <Ad Id="10" Type="image" Image="/templates/master/zhubao/UploadImage/advertimg/20140224174110_8659.jpg" Url="" AdImageSize="220*130" />
  <Ad Id="11" Type="slide" Image1="/Templates/master/zhubao/images/jiafangnew/banner.jpg" Image2="/Templates/master/zhubao/images/jiafangnew/banner.jpg" Image3="/Templates/master/zhubao/images/jiafangnew/banner.jpg" Image4="" Image5="" Image6="" Image7="" Image8="" Image9="" Image10="" Url1="" Url2="" Url3="" Url4="" Url5="" Url6="" Url7="" Url8="" Url9="" Url10="" AdImageSize="1920*485" />
  <Ad Id="12" Type="image" Image="/templates/master/default/UploadImage/advertimg/20160523095148_0399.jpg" Url="" AdImageSize="360*445" />
  <Ad Id="13" Type="image" Image="/templates/master/default/UploadImage/advertimg/20160523095236_0714.jpg" Url="" AdImageSize="360*445" />
  <Ad Id="14" Type="image" Image="/templates/master/zhubao/UploadImage/advertimg/20140224172633_2407.jpg" Url="" AdImageSize="339*646" />
  <Ad Id="15" Type="image" Image="/templates/master/default/UploadImage/advertimg/20160523095324_9155.jpg" Url="" AdImageSize="360*445" />
  <Ad Id="16" Type="image" Image="/templates/master/default/UploadImage/advertimg/2.jpg" Url="" AdImageSize="210*90" />
  <Ad Id="17" Type="custom" Html="&amp;lt;!-- JiaThis Button BEGIN --&amp;gt; &amp;lt;div class=&amp;quot;jiathis_style&amp;quot;&amp;gt;&amp;lt;span class=&amp;quot;jiathis_txt&amp;quot;&amp;gt;加关注：&amp;lt;/span&amp;gt; &amp;lt;a class=&amp;quot;jiathis_button_tsina&amp;quot;&amp;gt;&amp;lt;/a&amp;gt;&amp;lt;a class=&amp;quot;jiathis jiathis_txt jtico jtico_jiathis&amp;quot; href=&amp;quot;http://www.jiathis.com/share&amp;quot; target=&amp;quot;_blank&amp;quot;&amp;gt;分享&amp;lt;/a&amp;gt; &amp;lt;/div&amp;gt;&#xA;&amp;lt;script type=&amp;quot;text/javascript&amp;quot; charset=&amp;quot;utf-8&amp;quot; src=&amp;quot; quot;&amp;gt;&amp;lt;/script&amp;gt;&#xA;&amp;lt;!-- JiaThis Button END --&amp;gt;" />
  <Ad Id="18" Type="custom" Html="&amp;lt;img src=&amp;quot;/templates/master/zhubao/UploadImage/AdvertImg/20140224141200_0561.jpg&amp;quot; alt=&amp;quot;&amp;quot; border=&amp;quot;0&amp;quot; /&amp;gt;" />
  <Ad Id="19" Type="custom" Html="&amp;lt;a href=&amp;quot;zhuanti.aspx&amp;quot; target=&amp;quot;_blank&amp;quot;&amp;gt;&amp;lt;img src=&amp;quot;/templates/master/zhubao/UploadImage/AdvertImg/20140224143506_8644.jpg&amp;quot; alt=&amp;quot;&amp;quot; border=&amp;quot;0&amp;quot; /&amp;gt;&amp;lt;/a&amp;gt;" />
  <Ad Id="20" Type="image" Image="/templates/master/default/UploadImage/advertimg/ad20.jpg" Url="" AdImageSize="195*45" />
  <Ad Id="21" Type="image" Image="/templates/master/default/UploadImage/advertimg/20160509103359_9882.jpg" Url="" AdImageSize="1200*110" />
  <Ad Id="22" Type="image" Image="/templates/master/default/UploadImage/advertimg/ad-09.jpg" Url="" AdImageSize="360*445" />
  <Ad Id="23" Type="custom" Html="&amp;lt;div style=&amp;quot;background:#fe3f37;text-align:center;&amp;quot;&amp;gt;&#xA;	&amp;lt;img src=&amp;quot;/templates/master/default/UploadImage/AdvertImg/20160331145919_8098.jpg&amp;quot; alt=&amp;quot;&amp;quot; /&amp;gt; &#xA;&amp;lt;/div&amp;gt;" />
  <Ad Id="24" Type="image" Image="/templates/master/default/UploadImage/advertimg/ad-10.jpg" Url="" AdImageSize="385*220" />
  <Ad Id="25" Type="image" Image="/templates/master/default/UploadImage/advertimg/20141215173510_3348.png" Url="" AdImageSize="210*455" />
  <Ad Id="26" Type="image" Image="/templates/master/default/UploadImage/advertimg/20141215172613_9873.png" Url="" AdImageSize="210*455" />
  <Ad Id="27" Type="image" Image="/templates/master/default/UploadImage/advertimg/20150804194719_1093.png" Url="" AdImageSize="210*90" />
  <Ad Id="28" Type="custom" Html="&amp;lt;a href=&amp;quot;#&amp;quot;&amp;gt;收藏商城&amp;lt;/a&amp;gt;" />
  <Ad Id="29" Type="image" Image="/templates/master/zhubao/UploadImage/advertimg/20140224140642_7859.jpg" Url="" AdImageSize="1200*180" />
  <Ad Id="30" Type="custom" Html="&amp;lt;img src=&amp;quot;/templates/master/zhubao/UploadImage/AdvertImg/20140224143522_1653.jpg&amp;quot; alt=&amp;quot;&amp;quot; border=&amp;quot;0&amp;quot; /&amp;gt;&amp;lt;img src=&amp;quot;/templates/master/zhubao/UploadImage/AdvertImg/20140224143527_7426.jpg&amp;quot; alt=&amp;quot;&amp;quot; border=&amp;quot;0&amp;quot; /&amp;gt;" />
  <Ad Id="31" Type="custom" Html="&amp;lt;img src=&amp;quot;/templates/master/zhubao/UploadImage/AdvertImg/20140224143816_7783.jpg&amp;quot; alt=&amp;quot;&amp;quot; border=&amp;quot;0&amp;quot; /&amp;gt;&amp;lt;img src=&amp;quot;/templates/master/zhubao/UploadImage/AdvertImg/20140224143825_2657.jpg&amp;quot; alt=&amp;quot;&amp;quot; border=&amp;quot;0&amp;quot; /&amp;gt;&amp;lt;img src=&amp;quot;/templates/master/zhubao/UploadImage/AdvertImg/20140224143831_3561.jpg&amp;quot; alt=&amp;quot;&amp;quot; border=&amp;quot;0&amp;quot; /&amp;gt;" />
</root>