﻿<?xml version="1.0" encoding="utf-8"?>
<root>
  <Subject SubjectId="1" Type="floor" AdUrl="http://google9.com" TitelUrl="http://sian.com" Title="玩具动漫" ImageTitle="/templates/master/default/UploadImage/titleimg/20130911105735_6802.jpg" IsShowMoreLink="false" AdImage="/templates/master/default/UploadImage/advertimg/20130911162528_3767.jpg" CategoryId="309" TagId="" BrandId="" MaxNum="4" SubCategoryNum="5" ImageSize="180" ImageSizeRange="160,180" AdImageSize="240*254" TitleImageSize="28*36" SkinName="ascx/tags/SubjectProduct/Common_SubjectProduct_Floor.html" />
  <Subject SubjectId="2" Type="tab" TabTitle1="数码产品" TabTitle2="护肤美容" TabTitle3="汽车配件" TabTitle4="家具建材" TabTitle5="" TabTitle6="" TabTitle7="" TabTitle8="" Where1=",," Where2=",," Where3=",," Where4=",," Where5=",," Where6=",," Where7=",," Where8=",," MaxNum="4" ImageSize="220" ImageSizeRange="220" />
  <Subject SubjectId="3" Type="top" CategoryId="" MaxNum="8" ImageNum="1" IsShowPrice="false" IsShowSaleCounts="false" IsImgShowPrice="false" IsImgShowSaleCounts="false" ImageSize="60" ImageSizeRange="60" SkinName="HomeTags/SubjectProduct/Common_SubjectProduct_Top.html" />
  <Subject SubjectId="4" Type="group" Title="鞋包配饰" ImageTitle="/templates/master/default/UploadImage/titleimg/20130911105735_6802.jpg" IsShowMoreLink="true" CategoryId="" AdImageLeft="/templates/master/default/UploadImage/advertimg/20130911162528_3767.jpg" AdImageRight="/templates/master/default/UploadImage/advertimg/20130911162544_9716.jpg" MaxNum="3" SubCategoryNum="16" BrandNum="8" HotKeywordNum="10" ImageSize="160" SaleTopNum="4" ImageNum="1" IsShowPrice="true" IsShowSaleCounts="true" IsImgShowPrice="false" IsImgShowSaleCounts="false" TopImageSize="60" LeftSize="200*152" RightSize="630*226" TitleSize="28*36" ImageSizeRange="160,180" />
  <Subject SubjectId="5" Type="simple" CategoryId="" TagId="" BrandId="" TypeId="" AttributeString="" MaxNum="5" ImageSize="100" ImageSizeRange="160,180,220" />
  <Subject SubjectId="6" Type="tab" TabTitle1="休闲零食" TabTitle2="保健食品" TabTitle3="生鲜粮油" TabTitle4="茶酒冲饮" TabTitle5="" TabTitle6="" TabTitle7="" TabTitle8="" Where1="108,," Where2="166,," Where3="155,," Where4="268,," Where5=",," Where6=",," Where7=",," Where8=",," MaxNum="13" ImageSize="100" ImageSizeRange="100,160" />
  <Subject SubjectId="7" Type="floor" Title="推荐商品" AdUrl="http://google9.com" TitelUrl="http://sian.com" ImageTitle="" IsShowMoreLink="false" AdImage="" CategoryId="303" TagId="" BrandId="54" MaxNum="3" SubCategoryNum="0" ImageSize="100" AdImageSize="100*200" TitleImageSize="200*15" ImageSizeRange="160,180,220" SkinName="HomeTags/SubjectProduct/Common_SubjectProduct_Floor.html" />
  <Subject SubjectId="8" Type="floor" Title="大分类1" AdUrl="http://google9.com" TitelUrl="http://sian.com" ImageTitle="" IsShowMoreLink="false" AdImage="" CategoryId="273" TagId="" BrandId="55" MaxNum="4" SubCategoryNum="1" ImageSize="160" AdImageSize="212*25" TitleImageSize="200*15" ImageSizeRange="160,180,220" SkinName="HomeTags/SubjectProduct/Common_SubjectProduct_Floor.html" />
  <Subject SubjectId="9" Type="floor" Title="大分类2" AdUrl="http://google9.com" TitelUrl="http://sian.com" ImageTitle="" IsShowMoreLink="false" AdImage="" CategoryId="274" TagId="3" BrandId="55" MaxNum="4" SubCategoryNum="0" ImageSize="160" AdImageSize="212*25" TitleImageSize="200*15" ImageSizeRange="160,180,220" SkinName="HomeTags/SubjectProduct/Common_SubjectProduct_Floor.html" />
  <Subject SubjectId="10" Type="top" CategoryId="" MaxNum="4" ImageNum="1" IsShowPrice="false" IsShowSaleCounts="false" IsImgShowPrice="true" IsImgShowSaleCounts="false" ImageSize="60" ImageSizeRange="60" SkinName="HomeTags/SubjectProduct/Common_SubjectProduct_Top.html" />
  <Subject SubjectId="11" Type="simple" CategoryId="" TagId="" BrandId="" TypeId="" AttributeString="" MaxNum="5" ImageSize="220" ImageSizeRange="220" />
  <Subject SubjectId="12" Type="simple" CategoryId="273" TagId="" BrandId="" TypeId="" AttributeString="" MaxNum="5" ImageSize="100" ImageSizeRange="100,160" />
  <Subject SubjectId="13" Type="simple" CategoryId="" TagId="2" BrandId="" TypeId="" AttributeString="" MaxNum="12" ImageSize="160" ImageSizeRange="100,160" />
  <Subject SubjectId="14" Type="simple" CategoryId="" TagId="" BrandId="" TypeId="8" AttributeString="" MaxNum="5" ImageSize="220" ImageSizeRange="220" />
  <Subject SubjectId="15" Type="simple" CategoryId="" TagId="" BrandId="" TypeId="8" AttributeString="" MaxNum="5" ImageSize="220" ImageSizeRange="220" />
  <Subject SubjectId="16" Type="simple" CategoryId="" TagId="" BrandId="" TypeId="" AttributeString="" MaxNum="8" ImageSize="180" ImageSizeRange="180" />
  <Subject SubjectId="17" Type="simple" CategoryId="" TagId="" BrandId="" TypeId="" AttributeString="" MaxNum="8" ImageSize="180" ImageSizeRange="180" />
</root>