﻿<?xml version="1.0" encoding="utf-8"?>
<root>
  <Ad Id="3" Type="slide" Image1="/templates/master/blue/UploadImage/advertimg/banner.jpg" Image2="/templates/master/blue/UploadImage/advertimg/banner.jpg" Image3="/templates/master/blue/UploadImage/advertimg/banner.jpg" Image4="/templates/master/blue/UploadImage/advertimg/banner.jpg" Image5="" Image6="" Image7="" Image8="" Image9="" Image10="" Url1="https://demo.vshop.kuaidiantong.cn/Topics.aspx?TopicId=117" Url2="https://demo.vshop.kuaidiantong.cn/appletshop/Topics.aspx?TopicId=115" Url3="" Url4="" Url5="" Url6="" Url7="" Url8="" Url9="" Url10="" AdImageSize="800*330" />
  <Ad Id="11" Type="custom" Html="&amp;lt;div id=&amp;quot;lunhuanJS&amp;quot;&amp;gt;&#xA;	&amp;lt;!--产品分类开始 --&amp;gt;&amp;lt;!--产品分类结束--&amp;gt;&amp;lt;!--轮播 tab标签 --&amp;gt;&#xA;	&amp;lt;div class=&amp;quot;lunhuan_content&amp;quot;&amp;gt;&#xA;		&amp;lt;!--舌签1开始 --&amp;gt;&#xA;		&amp;lt;div class=&amp;quot;tab_1&amp;quot;&amp;gt;&#xA;			&amp;lt;div id=&amp;quot;pic&amp;quot; class=&amp;quot;tab_img&amp;quot;&amp;gt;&#xA;				&amp;lt;a href=&amp;quot;#&amp;quot;&amp;gt; &#xA;				&amp;lt;div style=&amp;quot;text-align:center;background:url(http://www.maiyan.com/Storage/master/gallery/201504/961d3a230bfa4de98d6cdab9350ed1f6.jpg) no-repeat center top;&amp;quot;&amp;gt;&#xA;				&amp;lt;/div&amp;gt;&#xA;&amp;lt;/a&amp;gt;&amp;lt;a href=&amp;quot;#&amp;quot;&amp;gt; &#xA;				&amp;lt;div style=&amp;quot;text-align:center;background:url(http://www.maiyan.com/Storage/master/gallery/201504/2b8970a69bc74390bbd2fffd4341ff66.jpg) no-repeat center top;&amp;quot;&amp;gt;&#xA;				&amp;lt;/div&amp;gt;&#xA;&amp;lt;/a&amp;gt;&amp;lt;a href=&amp;quot;#&amp;quot;&amp;gt; &#xA;				&amp;lt;div style=&amp;quot;text-align:center;background:url(http://www.maiyan.com/Storage/master/gallery/201504/592a7fe392064a398ae313162c9fc0a7.jpg) no-repeat center top;&amp;quot;&amp;gt;&#xA;				&amp;lt;/div&amp;gt;&#xA;&amp;lt;/a&amp;gt;&amp;lt;a href=&amp;quot;#&amp;quot;&amp;gt; &#xA;				&amp;lt;div style=&amp;quot;text-align:center;background:url(http://www.maiyan.com/Storage/master/gallery/201504/6db8ce34b2a04bae8902e719144d3c17.jpg) no-repeat center top;&amp;quot;&amp;gt;&#xA;				&amp;lt;/div&amp;gt;&#xA;&amp;lt;/a&amp;gt;&amp;lt;a href=&amp;quot;#&amp;quot;&amp;gt; &#xA;				&amp;lt;div style=&amp;quot;text-align:center;background:url(http://www.maiyan.com/Storage/master/gallery/201501/361ee0be9d6d42a1a8ecaf99cfda23f4.jpg) no-repeat center top;&amp;quot;&amp;gt;&#xA;				&amp;lt;/div&amp;gt;&#xA;&amp;lt;/a&amp;gt;&amp;lt;a href=&amp;quot;#&amp;quot;&amp;gt; &#xA;				&amp;lt;div style=&amp;quot;text-align:center;background:url(http://www.maiyan.com/Storage/master/gallery/201504/929445b2584444ea9b50dd390baf5afd.jpg) no-repeat center top;&amp;quot;&amp;gt;&#xA;				&amp;lt;/div&amp;gt;&#xA;&amp;lt;/a&amp;gt; &#xA;			&amp;lt;/div&amp;gt;&#xA;			&amp;lt;div&amp;gt;&#xA;			&amp;lt;/div&amp;gt;&#xA;			&amp;lt;div class=&amp;quot;tab_menu&amp;quot;&amp;gt;&#xA;				&amp;lt;ul id=&amp;quot;play&amp;quot;&amp;gt;&#xA;					&amp;lt;li id=&amp;quot;li0&amp;quot; class=&amp;quot;lunhuanJSbg active&amp;quot; alt=&amp;quot;1&amp;quot;&amp;gt;&#xA;						&amp;lt;a&amp;gt;&amp;lt;/a&amp;gt; &#xA;					&amp;lt;/li&amp;gt;&#xA;					&amp;lt;li id=&amp;quot;li1&amp;quot; class=&amp;quot;lunhuanJSbg normal&amp;quot; alt=&amp;quot;2&amp;quot;&amp;gt;&#xA;						&amp;lt;a&amp;gt;&amp;lt;/a&amp;gt; &#xA;					&amp;lt;/li&amp;gt;&#xA;					&amp;lt;li id=&amp;quot;li2&amp;quot; class=&amp;quot;lunhuanJSbg normal&amp;quot; alt=&amp;quot;3&amp;quot;&amp;gt;&#xA;						&amp;lt;a&amp;gt;&amp;lt;/a&amp;gt; &#xA;					&amp;lt;/li&amp;gt;&#xA;					&amp;lt;li id=&amp;quot;li3&amp;quot; class=&amp;quot;lunhuanJSbg normal&amp;quot; alt=&amp;quot;4&amp;quot;&amp;gt;&#xA;						&amp;lt;a&amp;gt;&amp;lt;/a&amp;gt; &#xA;					&amp;lt;/li&amp;gt;&#xA;					&amp;lt;li id=&amp;quot;li4&amp;quot; class=&amp;quot;lunhuanJSbg normal&amp;quot; alt=&amp;quot;5&amp;quot;&amp;gt;&#xA;						&amp;lt;a&amp;gt;&amp;lt;/a&amp;gt; &#xA;					&amp;lt;/li&amp;gt;&#xA;					&amp;lt;li id=&amp;quot;li5&amp;quot; class=&amp;quot;lunhuanJSbg normal&amp;quot; alt=&amp;quot;6&amp;quot;&amp;gt;&#xA;						&amp;lt;a&amp;gt;&amp;lt;/a&amp;gt; &#xA;					&amp;lt;/li&amp;gt;&#xA;				&amp;lt;/ul&amp;gt;&#xA;			&amp;lt;/div&amp;gt;&#xA;		&amp;lt;/div&amp;gt;&#xA;		&amp;lt;div&amp;gt;&#xA;		&amp;lt;/div&amp;gt;&#xA;	&amp;lt;/div&amp;gt;&#xA;&amp;lt;!--右侧 --&amp;gt;&#xA;&amp;lt;/div&amp;gt;" />
  <Ad Id="12" Type="image" Image="/templates/master/blue/UploadImage/advertimg/09.jpg" Url="" AdImageSize="199*150" />
  <Ad Id="13" Type="image" Image="/templates/master/blue/UploadImage/advertimg/06.jpg" Url="" AdImageSize="199*150" />
  <Ad Id="14" Type="image" Image="/templates/master/blue/UploadImage/advertimg/07.jpg" Url="" AdImageSize="199*150" />
  <Ad Id="15" Type="image" Image="/templates/master/blue/UploadImage/advertimg/08.jpg" Url="" AdImageSize="199*150" />
  <Ad Id="16" Type="image" Image="/templates/master/default/UploadImage/advertimg/2.jpg" Url="" AdImageSize="210*90" />
  <Ad Id="19" Type="image" Image="/templates/master/default/UploadImage/advertimg/ad-08.jpg" Url="" AdImageSize="1200*110" />
  <Ad Id="20" Type="image" Image="/templates/master/default/UploadImage/advertimg/ad20.jpg" Url="" AdImageSize="195*45" />
  <Ad Id="22" Type="image" Image="/templates/master/default/UploadImage/advertimg/ad-09.jpg" Url="" AdImageSize="360*445" />
  <Ad Id="23" Type="custom" Html="&amp;lt;div style=&amp;quot;background:#fe3f37;text-align:center;&amp;quot;&amp;gt;&#xA;	&amp;lt;img src=&amp;quot;/templates/master/default/UploadImage/AdvertImg/20160331145919_8098.jpg&amp;quot; alt=&amp;quot;&amp;quot; /&amp;gt; &#xA;&amp;lt;/div&amp;gt;" />
  <Ad Id="24" Type="image" Image="/templates/master/default/UploadImage/advertimg/ad-10.jpg" Url="" AdImageSize="385*220" />
  <Ad Id="25" Type="image" Image="/templates/master/default/UploadImage/advertimg/20141215173510_3348.png" Url="" AdImageSize="210*455" />
  <Ad Id="26" Type="image" Image="/templates/master/blue/UploadImage/advertimg/gg04.jpg" Url="" AdImageSize="1200*137" />
  <Ad Id="27" Type="image" Image="/templates/master/blue/UploadImage/advertimg/03.jpg" Url="" AdImageSize="200*463" />
  <Ad Id="28" Type="image" Image="/templates/master/default/UploadImage/advertimg/20160315173553_2670.png" Url="" AdImageSize="180*65" />
  <Ad Id="29" Type="custom" Html="&amp;lt;div class=&amp;quot;list&amp;quot;&amp;gt;&#xA;	&amp;lt;a target=&amp;quot;_blank&amp;quot; href=&amp;quot;http://wpa.qq.com/msgrd?v=3&amp;amp;uin=123456&amp;amp;site=qq&amp;amp;menu=yes&amp;quot;&amp;gt; &amp;lt;img src=&amp;quot;http://wpa.qq.com/pa?p=2:123456:52&amp;quot; /&amp;gt; &amp;lt;em&amp;gt;客服老罗&amp;lt;/em&amp;gt;&amp;lt;/a&amp;gt; &#xA;&amp;lt;/div&amp;gt;&#xA;&amp;lt;div class=&amp;quot;list&amp;quot;&amp;gt;&#xA;	&amp;lt;a target=&amp;quot;_blank&amp;quot; href=&amp;quot;http://wpa.qq.com/msgrd?v=3&amp;amp;uin=123456&amp;amp;site=qq&amp;amp;menu=yes&amp;quot;&amp;gt; &amp;lt;img src=&amp;quot;http://wpa.qq.com/pa?p=2:123456:52&amp;quot; /&amp;gt; &amp;lt;em&amp;gt;客服小罗&amp;lt;/em&amp;gt; &amp;lt;/a&amp;gt; &#xA;&amp;lt;/div&amp;gt;" />
  <Ad Id="30" Type="custom" Html="&amp;lt;img src=&amp;quot;/templates/master/default/UploadImage/AdvertImg/20160418100121_45401.jpg&amp;quot; alt=&amp;quot;&amp;quot; /&amp;gt;&amp;lt;img src=&amp;quot;/templates/master/default/UploadImage/AdvertImg/20160418100121_6905.jpg&amp;quot; alt=&amp;quot;&amp;quot; /&amp;gt;&amp;lt;img src=&amp;quot;/templates/master/default/UploadImage/AdvertImg/20160418100121_9475.jpg&amp;quot; alt=&amp;quot;&amp;quot; /&amp;gt;" />
  <Ad Id="31" Type="custom" Html="&amp;lt;img src=&amp;quot;/templates/master/default/UploadImage/AdvertImg/20160316155855_3112.png&amp;quot; alt=&amp;quot;&amp;quot; /&amp;gt;&amp;lt;br /&amp;gt;" />
  <Ad Id="50" Type="custom" Html="&amp;lt;div id=&amp;quot;wrap2&amp;quot; class=&amp;quot;box2&amp;quot;&amp;gt;&#xA;&amp;lt;ul&amp;gt;&#xA;&amp;lt;li&amp;gt;&amp;lt;a href=&amp;quot;#&amp;quot;&amp;gt;&amp;lt;img src=&amp;quot;/templates/master/blue/images/temp/01.jpg&amp;quot; /&amp;gt;&amp;lt;/a&amp;gt;&amp;lt;/li&amp;gt;&#xA;&amp;lt;li&amp;gt;&amp;lt;a href=&amp;quot;#&amp;quot;&amp;gt;&amp;lt;img src=&amp;quot;/templates/master/blue/images/temp/01.jpg&amp;quot; /&amp;gt;&amp;lt;/a&amp;gt;&amp;lt;/li&amp;gt;&#xA;&amp;lt;li&amp;gt;&amp;lt;a href=&amp;quot;#&amp;quot;&amp;gt;&amp;lt;img src=&amp;quot;/templates/master/blue/images/temp/01.jpg&amp;quot; /&amp;gt;&amp;lt;/a&amp;gt;&amp;lt;/li&amp;gt;&#xA;&amp;lt;li&amp;gt;&amp;lt;a href=&amp;quot;#&amp;quot;&amp;gt;&amp;lt;img src=&amp;quot;/templates/master/blue/images/temp/01.jpg&amp;quot; /&amp;gt;&amp;lt;/a&amp;gt;&amp;lt;/li&amp;gt;&#xA;&amp;lt;li&amp;gt;&amp;lt;a href=&amp;quot;#&amp;quot;&amp;gt;&amp;lt;img src=&amp;quot;/templates/master/blue/images/temp/01.jpg&amp;quot; /&amp;gt;&amp;lt;/a&amp;gt;&amp;lt;/li&amp;gt;&#xA;&amp;lt;li&amp;gt;&amp;lt;a href=&amp;quot;#&amp;quot;&amp;gt;&amp;lt;img src=&amp;quot;/templates/master/blue/images/temp/01.jpg&amp;quot; /&amp;gt;&amp;lt;/a&amp;gt;&amp;lt;/li&amp;gt;&#xA;&amp;lt;li&amp;gt;&amp;lt;a href=&amp;quot;#&amp;quot;&amp;gt;&amp;lt;img src=&amp;quot;/templates/master/blue/images/temp/01.jpg&amp;quot; /&amp;gt;&amp;lt;/a&amp;gt;&amp;lt;/li&amp;gt;&#xA;&amp;lt;/ul&amp;gt;&#xA;&amp;lt;/div&amp;gt;&#xA;&amp;lt;!-- end box2 --&amp;gt;&amp;lt;div id=&amp;quot;prev2&amp;quot;&amp;gt;&amp;lt;img src=&amp;quot;/templates/master/blue/images/blue/prev.jpg&amp;quot; /&amp;gt;&amp;lt;/div&amp;gt;&#xA;&amp;lt;div id=&amp;quot;next2&amp;quot;&amp;gt;&amp;lt;img src=&amp;quot;/templates/master/blue/images/blue/next.jpg&amp;quot; /&amp;gt;&amp;lt;/div&amp;gt;" />
  <Ad Id="51" Type="image" Image="/templates/master/blue/UploadImage/advertimg/7tian.jpg" Url="" AdImageSize="200*103" />
  <Ad Id="52" Type="custom" Html="&amp;lt;a href=&amp;quot;#&amp;quot;&amp;gt;收藏商城&amp;lt;/a&amp;gt;" />
  <Ad Id="53" Type="image" Image="/templates/master/blue/UploadImage/advertimg/gg001.jpg" Url="" AdImageSize="1200*90" />
  <Ad Id="54" Type="image" Image="/templates/master/blue/UploadImage/advertimg/gg02.jpg" Url="" AdImageSize="1200*90" />
  <Ad Id="55" Type="image" Image="/templates/master/blue/UploadImage/advertimg/gg03.jpg" Url="" AdImageSize="1200*90" />
  <Ad Id="56" Type="image" Image="/templates/master/blue/UploadImage/advertimg/gg04.jpg" Url="" AdImageSize="1200*137" />
  <Ad Id="57" Type="image" Image="/templates/master/blue/UploadImage/advertimg/floor001.jpg" Url="" AdImageSize="200*272" />
  <Ad Id="58" Type="image" Image="/templates/master/blue/UploadImage/advertimg/floor02.jpg" Url="" AdImageSize="200*272" />
  <Ad Id="59" Type="image" Image="/templates/master/blue/UploadImage/advertimg/floor03.jpg" Url="" AdImageSize="200*272" />
  <Ad Id="60" Type="image" Image="/templates/master/blue/UploadImage/advertimg/floor04.jpg" Url="" AdImageSize="200*272" />
  <Ad Id="61" Type="image" Image="/templates/master/blue/UploadImage/advertimg/03.jpg" Url="" AdImageSize="200*463" />
  <Ad Id="62" Type="image" Image="/templates/master/blue/UploadImage/advertimg/06.jpg" Url="" AdImageSize="199*150" />
  <Ad Id="63" Type="image" Image="/templates/master/blue/UploadImage/advertimg/07.jpg" Url="" AdImageSize="199*150" />
  <Ad Id="64" Type="image" Image="/templates/master/blue/UploadImage/advertimg/08.jpg" Url="" AdImageSize="199*150" />
  <Ad Id="65" Type="image" Image="/templates/master/blue/UploadImage/advertimg/09.jpg" Url="" AdImageSize="199*150" />
  <Ad Id="66" Type="custom" Html="&amp;lt;ul&amp;gt;&#xA;&amp;lt;li&amp;gt;&amp;lt;img src=&amp;quot;/templates/master/blue/images/blue/vocie.jpg&amp;quot; /&amp;gt;促销活动&amp;lt;/li&amp;gt;&#xA;&amp;lt;li&amp;gt;&amp;lt;a href=&amp;quot;#&amp;quot;&amp;gt;名鞋库专营店全场一折起&amp;lt;/a&amp;gt;&amp;lt;/li&amp;gt;&#xA;&amp;lt;li&amp;gt;&amp;lt;a href=&amp;quot;#&amp;quot;&amp;gt;世界杯车品也疯狂&amp;lt;/a&amp;gt;&amp;lt;/li&amp;gt;&#xA;&amp;lt;/ul&amp;gt;" />
  <Ad Id="67" Type="custom" Html="&amp;lt;ul&amp;gt;&#xA;&amp;lt;li&amp;gt;&amp;lt;img src=&amp;quot;/templates/master/blue/images/blue/vocie.jpg&amp;quot; /&amp;gt;促销活动&amp;lt;/li&amp;gt;&#xA;&amp;lt;li&amp;gt;&amp;lt;a href=&amp;quot;#&amp;quot;&amp;gt;名鞋库专营店全场一折起&amp;lt;/a&amp;gt;&amp;lt;/li&amp;gt;&#xA;&amp;lt;li&amp;gt;&amp;lt;a href=&amp;quot;#&amp;quot;&amp;gt;世界杯车品也疯狂&amp;lt;/a&amp;gt;&amp;lt;/li&amp;gt;&#xA;&amp;lt;/ul&amp;gt;" />
  <Ad Id="68" Type="custom" Html="&amp;lt;ul&amp;gt;&#xA;&amp;lt;li&amp;gt;&amp;lt;img src=&amp;quot;/templates/master/blue/images/blue/vocie.jpg&amp;quot; /&amp;gt;促销活动&amp;lt;/li&amp;gt;&#xA;&amp;lt;li&amp;gt;&amp;lt;a href=&amp;quot;#&amp;quot;&amp;gt;名鞋库专营店全场一折起&amp;lt;/a&amp;gt;&amp;lt;/li&amp;gt;&#xA;&amp;lt;li&amp;gt;&amp;lt;a href=&amp;quot;#&amp;quot;&amp;gt;世界杯车品也疯狂&amp;lt;/a&amp;gt;&amp;lt;/li&amp;gt;&#xA;&amp;lt;/ul&amp;gt;" />
  <Ad Id="69" Type="custom" Html="&amp;lt;ul&amp;gt;&#xA;&amp;lt;li&amp;gt;&amp;lt;img src=&amp;quot;/templates/master/blue/images/blue/vocie.jpg&amp;quot; /&amp;gt;促销活动&amp;lt;/li&amp;gt;&#xA;&amp;lt;li&amp;gt;&amp;lt;a href=&amp;quot;#&amp;quot;&amp;gt;名鞋库专营店全场一折起&amp;lt;/a&amp;gt;&amp;lt;/li&amp;gt;&#xA;&amp;lt;li&amp;gt;&amp;lt;a href=&amp;quot;#&amp;quot;&amp;gt;世界杯车品也疯狂&amp;lt;/a&amp;gt;&amp;lt;/li&amp;gt;&#xA;&amp;lt;/ul&amp;gt;" />
  <Ad Id="70" Type="image" Image="/templates/master/blue/UploadImage/advertimg/16.jpg" Url="" AdImageSize="189*180" />
  <Ad Id="71" Type="image" Image="/templates/master/blue/UploadImage/advertimg/16.jpg" Url="" AdImageSize="189*180" />
  <Ad Id="72" Type="image" Image="/templates/master/blue/UploadImage/advertimg/16.jpg" Url="" AdImageSize="189*180" />
  <Ad Id="73" Type="image" Image="/templates/master/blue/UploadImage/advertimg/16.jpg" Url="" AdImageSize="189*180" />
  <Ad Id="74" Type="image" Image="/templates/master/blue/UploadImage/advertimg/10.jpg" Url="" AdImageSize="210*104" />
  <Ad Id="75" Type="image" Image="/templates/master/blue/UploadImage/advertimg/13.jpg" Url="" AdImageSize="375*406" />
  <Ad Id="76" Type="image" Image="/templates/master/blue/UploadImage/advertimg/14.jpg" Url="" AdImageSize="359*202" />
  <Ad Id="77" Type="image" Image="/templates/master/blue/UploadImage/advertimg/15.jpg" Url="" AdImageSize="359*202" />
  <Ad Id="78" Type="image" Image="/templates/master/blue/UploadImage/advertimg/12.jpg" Url="" AdImageSize="1200*120" />
  <Ad Id="79" Type="custom" Html="" />
  <Ad Id="80" Type="image" Image="/templates/master/blue/UploadImage/advertimg/7tian.jpg" Url="" AdImageSize="242*78" />
  <Ad Id="81" Type="image" Image="/templates/master/blue/UploadImage/advertimg/7tian.jpg" Url="" AdImageSize="278*78" />
  <Ad Id="82" Type="image" Image="/templates/master/blue/UploadImage/advertimg/7tian.jpg" Url="" AdImageSize="278*78" />
  <Ad Id="83" Type="image" Image="/templates/master/blue/UploadImage/advertimg/7tian.jpg" Url="" AdImageSize="169*78" />
  <Ad Id="84" Type="custom" Html="&amp;lt;div id=&amp;quot;wrap2&amp;quot; class=&amp;quot;box2&amp;quot;&amp;gt;&#xA;&amp;lt;ul&amp;gt;&#xA;&amp;lt;li&amp;gt;&amp;lt;a href=&amp;quot;#&amp;quot;&amp;gt;&amp;lt;img src=&amp;quot;/templates/master/blue/images/temp/01.jpg&amp;quot; /&amp;gt;&amp;lt;/a&amp;gt;&amp;lt;/li&amp;gt;&#xA;&amp;lt;li&amp;gt;&amp;lt;a href=&amp;quot;#&amp;quot;&amp;gt;&amp;lt;img src=&amp;quot;/templates/master/blue/images/temp/01.jpg&amp;quot; /&amp;gt;&amp;lt;/a&amp;gt;&amp;lt;/li&amp;gt;&#xA;&amp;lt;li&amp;gt;&amp;lt;a href=&amp;quot;#&amp;quot;&amp;gt;&amp;lt;img src=&amp;quot;/templates/master/blue/images/temp/01.jpg&amp;quot; /&amp;gt;&amp;lt;/a&amp;gt;&amp;lt;/li&amp;gt;&#xA;&amp;lt;li&amp;gt;&amp;lt;a href=&amp;quot;#&amp;quot;&amp;gt;&amp;lt;img src=&amp;quot;/templates/master/blue/images/temp/01.jpg&amp;quot; /&amp;gt;&amp;lt;/a&amp;gt;&amp;lt;/li&amp;gt;&#xA;&amp;lt;li&amp;gt;&amp;lt;a href=&amp;quot;#&amp;quot;&amp;gt;&amp;lt;img src=&amp;quot;/templates/master/blue/images/temp/01.jpg&amp;quot; /&amp;gt;&amp;lt;/a&amp;gt;&amp;lt;/li&amp;gt;&#xA;&amp;lt;li&amp;gt;&amp;lt;a href=&amp;quot;#&amp;quot;&amp;gt;&amp;lt;img src=&amp;quot;/templates/master/blue/images/temp/01.jpg&amp;quot; /&amp;gt;&amp;lt;/a&amp;gt;&amp;lt;/li&amp;gt;&#xA;&amp;lt;li&amp;gt;&amp;lt;a href=&amp;quot;#&amp;quot;&amp;gt;&amp;lt;img src=&amp;quot;/templates/master/blue/images/temp/01.jpg&amp;quot; /&amp;gt;&amp;lt;/a&amp;gt;&amp;lt;/li&amp;gt;&#xA;&amp;lt;/ul&amp;gt;&#xA;&amp;lt;/div&amp;gt;&#xA;&amp;lt;!-- end box2 --&amp;gt;&amp;lt;div id=&amp;quot;prev2&amp;quot;&amp;gt;&amp;lt;img src=&amp;quot;/templates/master/blue/images/blue/prev.jpg&amp;quot; /&amp;gt;&amp;lt;/div&amp;gt;&#xA;&amp;lt;div id=&amp;quot;next2&amp;quot;&amp;gt;&amp;lt;img src=&amp;quot;/templates/master/blue/images/blue/next.jpg&amp;quot; /&amp;gt;&amp;lt;/div&amp;gt;" />
</root>