﻿<?xml version="1.0" encoding="utf-8"?>
<root>
  <Ad Id="1" Type="slide" Image1="/templates/master/jiuzhuang/images/ad/banner.jpg" Image2="/templates/master/jiuzhuang/images/ad/banner.jpg" Image3="/templates/master/jiuzhuang/images/ad/banner.jpg" Image4="" Image5="" Image6="" Image7="" Image8="" Image9="" Image10="" Url1="http://" Url2="" Url3="" Url4="" Url5="" Url6="" Url7="" Url8="" Url9="" Url10="" AdImageSize="1920*500" />
  <Ad Id="2" Type="image" Image="/templates/master/jiuzhuang/UploadImage/advertimg/20151022180341_7103.jpg" Url="" AdImageSize="182*154" />
  <Ad Id="3" Type="image" Image="/templates/master/jiuzhuang/UploadImage/advertimg/20151022174004_9713.jpg" Url="" AdImageSize="1200*120" />
  <Ad Id="4" Type="image" Image="/templates/master/jiuzhuang/UploadImage/advertimg/20151023094326_9715.jpg" Url="" AdImageSize="239*160" />
  <Ad Id="5" Type="image" Image="/templates/master/jiuzhuang/UploadImage/advertimg/20151023104118_0530.jpg" Url="" AdImageSize="239*160" />
  <Ad Id="6" Type="custom" Html="&amp;lt;a href=&amp;quot;#&amp;quot; target=&amp;quot;_blank&amp;quot;&amp;gt;&amp;lt;img src=&amp;quot;/templates/master/jiuzhuang/UploadImage/AdvertImg/20151023104140_8013.jpg&amp;quot; alt=&amp;quot;&amp;quot; /&amp;gt;&amp;lt;/a&amp;gt;&amp;lt;a href=&amp;quot;#&amp;quot; target=&amp;quot;_blank&amp;quot;&amp;gt;&amp;lt;img src=&amp;quot;/templates/master/jiuzhuang/UploadImage/AdvertImg/20151023104140_8523.jpg&amp;quot; alt=&amp;quot;&amp;quot; /&amp;gt;&amp;lt;/a&amp;gt;&amp;lt;a href=&amp;quot;#&amp;quot; target=&amp;quot;_blank&amp;quot;&amp;gt;&amp;lt;img src=&amp;quot;/templates/master/jiuzhuang/UploadImage/AdvertImg/20151023104140_6743.jpg&amp;quot; alt=&amp;quot;&amp;quot; /&amp;gt;&amp;lt;/a&amp;gt;" />
  <Ad Id="7" Type="image" Image="/templates/master/jiuzhuang/UploadImage/advertimg/20160810145726_4143.jpg" Url="" AdImageSize="239*160" />
  <Ad Id="8" Type="custom" Html="&amp;lt;a href=&amp;quot;http://#&amp;quot; target=&amp;quot;_blank&amp;quot;&amp;gt;&amp;lt;img src=&amp;quot;/templates/master/jiuzhuang/UploadImage/AdvertImg/20151023105642_3929.jpg&amp;quot; alt=&amp;quot;&amp;quot; /&amp;gt;&amp;lt;/a&amp;gt;&amp;lt;br /&amp;gt;" />
  <Ad Id="9" Type="image" Image="/templates/master/jiuzhuang/UploadImage/advertimg/20151026091635_5214.jpg" Url="" AdImageSize="239*160" />
  <Ad Id="10" Type="image" Image="/templates/master/jiuzhuang/UploadImage/advertimg/20151026094304_7133.jpg" Url="" AdImageSize="239*160" />
  <Ad Id="11" Type="image" Image="/templates/master/jiuzhuang/UploadImage/advertimg/20151026095715_0469.jpg" Url="" AdImageSize="239*160" />
  <Ad Id="12" Type="custom" Html="1892年，张弼士投资300万两白银在烟台创办张裕酿酒公司。大清国直隶总督、北洋大臣李鸿章和清廷要员王文韶亲自签批了该公司营业准照，光绪皇帝的老师、时任户部尚书、军机大臣翁同龢亲笔为公司题写了厂名。“张裕”二字，冠以张姓，取昌裕兴隆之意。张裕公司的创建，被北京中华世纪坛记载为中国1892年所发生的四件大事之一。&amp;lt;br /&amp;gt;" />
  <Ad Id="13" Type="image" Image="/templates/master/jiuzhuang/UploadImage/advertimg/20151026105132_0612.jpg" Url="" AdImageSize="239*160" />
  <Ad Id="14" Type="image" Image="/templates/master/jiuzhuang/UploadImage/advertimg/20151026105928_1264.jpg" Url="" AdImageSize="239*160" />
  <Ad Id="15" Type="image" Image="/templates/master/jiuzhuang/UploadImage/advertimg/20131008152902_6219.jpg" Url="" AdImageSize="239*160" />
  <Ad Id="16" Type="image" Image="/templates/master/jiuzhuang/UploadImage/advertimg/20131008152902_6219.jpg" Url="" AdImageSize="1200*120" />
  <Ad Id="17" Type="custom" Html="&amp;lt;b&amp;gt;张裕&amp;lt;/b&amp;gt; &amp;lt;strong&amp;gt;烟台张裕集团有限公司，他是由中国近代爱国侨领张弼士先生创办的中国第一个工业化生产葡萄酒的厂家。 &amp;lt;/strong&amp;gt; &amp;lt;span&amp;gt;1892年，张弼士投资300万两白银在烟台创办张裕酿酒公司。大清国直隶总督、北洋大臣李鸿章和清廷要员王文韶亲自签批了该公司营业准照，光绪皇帝的老师、时任户部尚书、军机大臣翁同龢亲笔为公司题写了厂名。“张裕”二字，冠以张姓，取昌裕兴隆之意。张裕公司的创建，被北京中华世纪坛记载为中国1892年所发生的四件大事之一。至今，它已发展成为多元化并举的集团化企业，是目前中国乃至亚洲最大的葡萄酒生产经营厂家。&amp;lt;/span&amp;gt;" />
  <Ad Id="23" Type="custom" Html="&amp;lt;div style=&amp;quot;background:#fe3f37;text-align:center;&amp;quot;&amp;gt;&#xA;	&amp;lt;img src=&amp;quot;/templates/master/jiuzhuang/UploadImage/AdvertImg/20160331145919_8098.jpg&amp;quot; alt=&amp;quot;&amp;quot; /&amp;gt; &#xA;&amp;lt;/div&amp;gt;" />
</root>