﻿<?xml version="1.0" encoding="utf-8"?>
<root>
  <Comment Id="1" Type="article" Title="时尚资讯" ImageTitle="" AdImage="/templates/master/default/UploadImage/advertimg/20130911162752_6589.jpg" CategoryId="" MaxNum="2" TitleImageSize="200*15" AdImageSize="150*98" />
  <Comment Id="2" Type="category" CategoryId="109" MaxNum="8" />
  <Comment Id="3" Type="brand" CategoryId="" IsShowLogo="true" IsShowTitle="false" MaxNum="10" ImageSize="75*34" />
  <Comment Id="4" Type="keyword" CategoryId="" MaxNum="8" />
  <Comment Id="5" Type="brand" CategoryId="37" IsShowLogo="true" IsShowTitle="false" MaxNum="10" ImageSize="75*34" />
  <Comment Id="6" Type="brand" CategoryId="" IsShowLogo="true" IsShowTitle="false" MaxNum="10" ImageSize="75*34" />
  <Comment Id="7" Type="attribute" CategoryId="309" MaxNum="5" />
  <Comment Id="8" Type="title" Title="精挑细选" ImageTitle="/templates/master/default/UploadImage/titleimg/floor-T.jpg" TitleImageSize="20*20" />
  <Comment Id="9" Type="morelink" Title="更多&amp;gt;&amp;gt;" CategoryId="20" />
  <Comment Id="10" Type="title" Title="美容护肤" ImageTitle="/templates/master/default/UploadImage/titleimg/floor-T.jpg" TitleImageSize="20*20" />
  <Comment Id="11" Type="category" CategoryId="20" MaxNum="8" />
  <Comment Id="12" Type="keyword" CategoryId="223" MaxNum="10" />
  <Comment Id="13" Type="title" Title="智能手机" ImageTitle="/templates/master/default/UploadImage/titleimg/floor-T.jpg" TitleImageSize="20*20" />
  <Comment Id="14" Type="morelink" Title="更多&amp;gt;&amp;gt;" CategoryId="" />
  <Comment Id="15" Type="keyword" CategoryId="273" MaxNum="10" />
  <Comment Id="16" Type="category" CategoryId="13" MaxNum="8" />
  <Comment Id="17" Type="brand" CategoryId="" IsShowLogo="true" IsShowTitle="false" MaxNum="10" ImageSize="75*34" />
  <Comment Id="18" Type="brand" CategoryId="" IsShowLogo="true" IsShowTitle="false" MaxNum="10" ImageSize="102*40" />
  <Comment Id="19" Type="brand" CategoryId="" IsShowLogo="true" IsShowTitle="false" MaxNum="10" ImageSize="102*40" />
  <Comment Id="20" Type="morelink" Title="更多&amp;gt;&amp;gt;" CategoryId="" />
  <Comment Id="31" Type="title" Title="智能手机" ImageTitle="/templates/master/default/UploadImage/titleimg/floor-T.jpg" TitleImageSize="20*20" />
  <Comment Id="22" Type="morelink" Title="更多&amp;gt;&amp;gt;" CategoryId="" />
  <Comment Id="23" Type="category" CategoryId="13" MaxNum="8" />
  <Comment Id="24" Type="title" Title="智能手机" ImageTitle="/templates/master/default/UploadImage/titleimg/floor-T.jpg" TitleImageSize="20*20" />
  <Comment Id="25" Type="morelink" Title="更多&amp;gt;&amp;gt;" CategoryId="" />
  <Comment Id="26" Type="category" CategoryId="13" MaxNum="8" />
  <Comment Id="27" Type="title" Title="智能手机" ImageTitle="/templates/master/default/UploadImage/titleimg/floor-T.jpg" TitleImageSize="20*20" />
  <Comment Id="28" Type="morelink" Title="更多&amp;gt;&amp;gt;" CategoryId="" />
  <Comment Id="29" Type="category" CategoryId="13" MaxNum="8" />
  <Comment Id="30" Type="brand" CategoryId="" IsShowLogo="true" IsShowTitle="false" MaxNum="10" ImageSize="118*34" />
</root>