﻿<?xml version="1.0" encoding="utf-8"?>
<root>
  <Ad Id="1" Type="custom" Html="&amp;lt;a href=&amp;quot;#&amp;quot;&amp;gt;收藏本站&amp;lt;/a&amp;gt;" />
  <Ad Id="2" Type="image" Image="/templates/master/kuanping221/UploadImage/advertimg/20140318192751_4967.jpg" Url="" AdImageSize="134*28" />
  <Ad Id="3" Type="slide" Image1="/templates/master/kuanping221/UploadImage/advertimg/20140108142921_8694.jpg" Image2="/templates/master/kuanping221/UploadImage/advertimg/20140108142921_8694.jpg" Image3="/templates/master/kuanping221/UploadImage/advertimg/20140108142921_8694.jpg" Image4="/templates/master/kuanping221/UploadImage/advertimg/20140108142921_8694.jpg" Image5="" Image6="" Image7="" Image8="" Image9="" Image10="" Url1="" Url2="" Url3="" Url4="" Url5="" Url6="" Url7="" Url8="" Url9="" Url10="" AdImageSize="750*400" />
  <Ad Id="4" Type="image" Image="/templates/master/cyanine/UploadImage/advertimg/20140421101846_5353.gif" Url="" AdImageSize="220*93" />
  <Ad Id="5" Type="image" Image="/templates/master/kuanping221/UploadImage/advertimg/20140320193817_3368.jpg" Url="" AdImageSize="322*204" />
  <Ad Id="6" Type="image" Image="/templates/master/kuanping221/UploadImage/advertimg/20140320193817_3368.jpg" Url="" AdImageSize="322*204" />
  <Ad Id="7" Type="image" Image="/templates/master/kuanping221/UploadImage/advertimg/20140320223335_6664.jpg" Url="" AdImageSize="1200*90" />
  <Ad Id="8" Type="custom" Html="&amp;lt;table width=&amp;quot;100%&amp;quot; border=&amp;quot;0&amp;quot; cellspacing=&amp;quot;5&amp;quot; cellpadding=&amp;quot;0&amp;quot; class=&amp;quot;ke-zeroborder&amp;quot;&amp;gt;&#xA;  &amp;lt;tbody&amp;gt;&amp;lt;tr&amp;gt;&#xA;    &amp;lt;td rowspan=&amp;quot;2&amp;quot;&amp;gt;&amp;lt;img src=&amp;quot;/templates/master/cyanine/UploadImage/AdvertImg/20140421104323_0228.gif&amp;quot; title=&amp;quot;cyanine_37&amp;quot; alt=&amp;quot;cyanine_37&amp;quot; border=&amp;quot;0&amp;quot; /&amp;gt;&amp;lt;/td&amp;gt;&#xA;    &amp;lt;td colspan=&amp;quot;2&amp;quot;&amp;gt;&amp;lt;img src=&amp;quot;/templates/master/cyanine/UploadImage/AdvertImg/20140421104337_6076.gif&amp;quot; title=&amp;quot;cyanine_39&amp;quot; alt=&amp;quot;cyanine_39&amp;quot; border=&amp;quot;0&amp;quot; /&amp;gt;&amp;lt;/td&amp;gt;&#xA;    &amp;lt;td&amp;gt;&amp;lt;img src=&amp;quot;/templates/master/cyanine/UploadImage/AdvertImg/20140421104415_4528.gif&amp;quot; title=&amp;quot;cyanine_47&amp;quot; alt=&amp;quot;cyanine_47&amp;quot; border=&amp;quot;0&amp;quot; /&amp;gt;&amp;lt;/td&amp;gt;&#xA;    &amp;lt;td&amp;gt;&amp;lt;img src=&amp;quot;/templates/master/cyanine/UploadImage/AdvertImg/20140421104439_9602.gif&amp;quot; title=&amp;quot;cyanine_49&amp;quot; alt=&amp;quot;cyanine_49&amp;quot; border=&amp;quot;0&amp;quot; /&amp;gt;&amp;lt;/td&amp;gt;&#xA;  &amp;lt;/tr&amp;gt;&#xA;  &amp;lt;tr&amp;gt;&#xA;    &amp;lt;td&amp;gt;&amp;lt;img src=&amp;quot;/templates/master/cyanine/UploadImage/AdvertImg/20140421104350_8974.gif&amp;quot; title=&amp;quot;cyanine_41&amp;quot; alt=&amp;quot;cyanine_41&amp;quot; border=&amp;quot;0&amp;quot; /&amp;gt;&amp;lt;/td&amp;gt;&#xA;    &amp;lt;td&amp;gt;&amp;lt;img src=&amp;quot;/templates/master/cyanine/UploadImage/AdvertImg/20140421104402_4200.gif&amp;quot; title=&amp;quot;cyanine_43&amp;quot; alt=&amp;quot;cyanine_43&amp;quot; border=&amp;quot;0&amp;quot; /&amp;gt;&amp;lt;/td&amp;gt;&#xA;    &amp;lt;td colspan=&amp;quot;2&amp;quot;&amp;gt;&amp;lt;img src=&amp;quot;/templates/master/cyanine/UploadImage/AdvertImg/20140421104451_1378.gif&amp;quot; title=&amp;quot;cyanine_50&amp;quot; alt=&amp;quot;cyanine_50&amp;quot; border=&amp;quot;0&amp;quot; /&amp;gt;&amp;lt;/td&amp;gt;&#xA;    &amp;lt;/tr&amp;gt;&#xA;&amp;lt;/tbody&amp;gt;&#xA;&amp;lt;/table&amp;gt;" />
  <Ad Id="9" Type="custom" Html="&amp;lt;img src=&amp;quot;/templates/master/kuanping221/UploadImage/AdvertImg/20140323161210_7165.jpg&amp;quot; alt=&amp;quot;&amp;quot; border=&amp;quot;0&amp;quot; /&amp;gt;&amp;lt;img src=&amp;quot;/templates/master/kuanping221/UploadImage/AdvertImg/20140323161217_1728.jpg&amp;quot; alt=&amp;quot;&amp;quot; border=&amp;quot;0&amp;quot; /&amp;gt;&amp;lt;img src=&amp;quot;/templates/master/kuanping221/UploadImage/AdvertImg/20140323161222_7912.jpg&amp;quot; alt=&amp;quot;&amp;quot; border=&amp;quot;0&amp;quot; /&amp;gt;&amp;lt;img src=&amp;quot;/templates/master/kuanping221/UploadImage/AdvertImg/20140323161228_9365.jpg&amp;quot; alt=&amp;quot;&amp;quot; border=&amp;quot;0&amp;quot; /&amp;gt;" />
  <Ad Id="10" Type="image" Image="/templates/master/kuanping221/UploadImage/advertimg/20140323155818_5489.jpg" Url="" AdImageSize="204*276" />
  <Ad Id="11" Type="custom" Html="&amp;lt;img src=&amp;quot;/templates/master/kuanping221/UploadImage/AdvertImg/20140323161210_7165.jpg&amp;quot; alt=&amp;quot;&amp;quot; border=&amp;quot;0&amp;quot; /&amp;gt;&amp;lt;img src=&amp;quot;/templates/master/kuanping221/UploadImage/AdvertImg/20140323161217_1728.jpg&amp;quot; alt=&amp;quot;&amp;quot; border=&amp;quot;0&amp;quot; /&amp;gt;&amp;lt;img src=&amp;quot;/templates/master/kuanping221/UploadImage/AdvertImg/20140323161222_7912.jpg&amp;quot; alt=&amp;quot;&amp;quot; border=&amp;quot;0&amp;quot; /&amp;gt;&amp;lt;img src=&amp;quot;/templates/master/kuanping221/UploadImage/AdvertImg/20140323161228_9365.jpg&amp;quot; alt=&amp;quot;&amp;quot; border=&amp;quot;0&amp;quot; /&amp;gt;" />
  <Ad Id="12" Type="image" Image="/templates/master/kuanping221/UploadImage/advertimg/20140323155818_5489.jpg" Url="" AdImageSize="204*276" />
  <Ad Id="13" Type="custom" Html="&amp;lt;img src=&amp;quot;/templates/master/kuanping221/UploadImage/AdvertImg/20140323161210_7165.jpg&amp;quot; alt=&amp;quot;&amp;quot; border=&amp;quot;0&amp;quot; /&amp;gt;&amp;lt;img src=&amp;quot;/templates/master/kuanping221/UploadImage/AdvertImg/20140323161217_1728.jpg&amp;quot; alt=&amp;quot;&amp;quot; border=&amp;quot;0&amp;quot; /&amp;gt;&amp;lt;img src=&amp;quot;/templates/master/kuanping221/UploadImage/AdvertImg/20140323161222_7912.jpg&amp;quot; alt=&amp;quot;&amp;quot; border=&amp;quot;0&amp;quot; /&amp;gt;&amp;lt;img src=&amp;quot;/templates/master/kuanping221/UploadImage/AdvertImg/20140323161228_9365.jpg&amp;quot; alt=&amp;quot;&amp;quot; border=&amp;quot;0&amp;quot; /&amp;gt;" />
  <Ad Id="14" Type="image" Image="/templates/master/kuanping221/UploadImage/advertimg/20140323155818_5489.jpg" Url="" AdImageSize="204*276" />
  <Ad Id="15" Type="custom" Html="&amp;lt;img src=&amp;quot;/templates/master/kuanping221/UploadImage/AdvertImg/20140323161210_7165.jpg&amp;quot; alt=&amp;quot;&amp;quot; border=&amp;quot;0&amp;quot; /&amp;gt;&amp;lt;img src=&amp;quot;/templates/master/kuanping221/UploadImage/AdvertImg/20140323161217_1728.jpg&amp;quot; alt=&amp;quot;&amp;quot; border=&amp;quot;0&amp;quot; /&amp;gt;&amp;lt;img src=&amp;quot;/templates/master/kuanping221/UploadImage/AdvertImg/20140323161222_7912.jpg&amp;quot; alt=&amp;quot;&amp;quot; border=&amp;quot;0&amp;quot; /&amp;gt;&amp;lt;img src=&amp;quot;/templates/master/kuanping221/UploadImage/AdvertImg/20140323161228_9365.jpg&amp;quot; alt=&amp;quot;&amp;quot; border=&amp;quot;0&amp;quot; /&amp;gt;" />
  <Ad Id="16" Type="custom" Html="&amp;lt;a&amp;gt;灵顿互动&amp;lt;/a&amp;gt;|&amp;lt;a&amp;gt;灵顿互动&amp;lt;/a&amp;gt;|&amp;lt;a&amp;gt;灵顿互动&amp;lt;/a&amp;gt;|&amp;lt;a&amp;gt;灵顿互动&amp;lt;/a&amp;gt;|&amp;lt;a&amp;gt;灵顿互动&amp;lt;/a&amp;gt;|&amp;lt;a&amp;gt;灵顿互动&amp;lt;/a&amp;gt;|&amp;lt;a&amp;gt;灵顿互动&amp;lt;/a&amp;gt;|" />
  <Ad Id="17" Type="image" Image="/templates/master/cyanine/UploadImage/advertimg/20140418143131_7561.gif" Url="" AdImageSize="307*105" />
  <Ad Id="18" Type="custom" Html="&amp;lt;img src=&amp;quot;/templates/master/cyanine/UploadImage/AdvertImg/20140418160439_1267.gif&amp;quot; title=&amp;quot;cyanine_74&amp;quot; alt=&amp;quot;cyanine_74&amp;quot; border=&amp;quot;0&amp;quot; /&amp;gt;" />
  <Ad Id="19" Type="image" Image="/templates/master/cyanine/UploadImage/advertimg/20140421114002_1842.gif" Url="" AdImageSize="254*587" />
  <Ad Id="20" Type="image" Image="/templates/master/cyanine/UploadImage/advertimg/20140421114002_1842.gif" Url="" AdImageSize="254*587" />
  <Ad Id="21" Type="image" Image="/templates/master/cyanine/UploadImage/advertimg/20140421114002_1842.gif" Url="" AdImageSize="254*587" />
  <Ad Id="22" Type="image" Image="/templates/master/cyanine/UploadImage/advertimg/20140421140045_6581.gif" Url="" AdImageSize="1200*99" />
  <Ad Id="23" Type="custom" Html="&amp;lt;div style=&amp;quot;background:#fe3f37;text-align:center;&amp;quot;&amp;gt;&#xA;	&amp;lt;img src=&amp;quot;/templates/master/default/UploadImage/AdvertImg/20160331145919_8098.jpg&amp;quot; alt=&amp;quot;&amp;quot; /&amp;gt; &#xA;&amp;lt;/div&amp;gt;" />
  <Ad Id="24" Type="image" Image="/templates/master/cyanine/UploadImage/advertimg/20140421140045_6581.gif" Url="" AdImageSize="1200*99" />
  <Ad Id="25" Type="image" Image="/templates/master/cyanine/UploadImage/advertimg/20140421140045_6581.gif" Url="" AdImageSize="1200*99" />
  <Ad Id="26" Type="custom" Html="&amp;lt;table style=&amp;quot;width:100%;&amp;quot; cellpadding=&amp;quot;0&amp;quot; cellspacing=&amp;quot;0&amp;quot; class=&amp;quot;ke-zeroborder&amp;quot; border=&amp;quot;0&amp;quot; bordercolor=&amp;quot;#000000&amp;quot;&amp;gt;&amp;lt;tbody&amp;gt;&amp;lt;tr&amp;gt;&amp;lt;td&amp;gt;&amp;lt;img src=&amp;quot;/templates/master/cyanine/UploadImage/AdvertImg/20140421140757_7159.gif&amp;quot; title=&amp;quot;cyanine_65&amp;quot; alt=&amp;quot;cyanine_65&amp;quot; border=&amp;quot;0&amp;quot; /&amp;gt;&amp;lt;/td&amp;gt;&#xA;&amp;lt;td&amp;gt;&amp;lt;img src=&amp;quot;/templates/master/cyanine/UploadImage/AdvertImg/20140421140812_9837.gif&amp;quot; title=&amp;quot;cyanine_67&amp;quot; alt=&amp;quot;cyanine_67&amp;quot; border=&amp;quot;0&amp;quot; /&amp;gt;&amp;lt;/td&amp;gt;&#xA;&amp;lt;td&amp;gt;&amp;lt;img src=&amp;quot;/templates/master/cyanine/UploadImage/AdvertImg/20140421140823_7943.gif&amp;quot; title=&amp;quot;cyanine_69&amp;quot; alt=&amp;quot;cyanine_69&amp;quot; border=&amp;quot;0&amp;quot; /&amp;gt;&amp;lt;/td&amp;gt;&#xA;&amp;lt;/tr&amp;gt;&#xA;&amp;lt;/tbody&amp;gt;&#xA;&amp;lt;/table&amp;gt;" />
  <Ad Id="27" Type="image" Image="/templates/master/cyanine/UploadImage/advertimg/20140421114002_1842.gif" Url="" AdImageSize="254*587" />
  <Ad Id="28" Type="slide" Image1="/templates/master/cyanine/UploadImage/advertimg/20140318192751_4967.jpg" Image2="/templates/master/cyanine/UploadImage/advertimg/20140418160439_1267.gif" Image3="/templates/master/cyanine/UploadImage/advertimg/20140109140832_5592.jpg" Image4="" Image5="" Image6="" Image7="" Image8="" Image9="" Image10="" Url1="" Url2="" Url3="" Url4="" Url5="" Url6="" Url7="" Url8="" Url9="" Url10="" AdImageSize="1920*520" />
  <Ad Id="29" Type="image" Image="/templates/master/cyanine/UploadImage/advertimg/20140421140045_6581.gif" Url="" AdImageSize="1200*99" />
  <Ad Id="30" Type="custom" Html="&amp;lt;img src=&amp;quot;/templates/master/default/UploadImage/AdvertImg/20160418100121_4541.jpg&amp;quot; alt=&amp;quot;&amp;quot; /&amp;gt;&amp;lt;img src=&amp;quot;/templates/master/default/UploadImage/AdvertImg/20160418100121_6905.jpg&amp;quot; alt=&amp;quot;&amp;quot; /&amp;gt;&amp;lt;img src=&amp;quot;/templates/master/default/UploadImage/AdvertImg/20160418100121_9475.jpg&amp;quot; alt=&amp;quot;&amp;quot; /&amp;gt;" />
  <Ad Id="31" Type="custom" Html="&amp;lt;img src=&amp;quot;/templates/master/default/UploadImage/AdvertImg/20160316155855_3112.png&amp;quot; alt=&amp;quot;&amp;quot; /&amp;gt;&amp;lt;br /&amp;gt;" />
  <Ad Id="32" Type="image" Image="/templates/master/cyanine/UploadImage/advertimg/20140421140045_6581.gif" Url="" AdImageSize="1200*99" />
</root>