﻿<?xml version="1.0" encoding="utf-8"?>
<root>  
  <Ad Id="1" Type="custom" Html="&amp;lt;a href=&amp;quot;#&amp;quot;&amp;gt;收藏本站&amp;lt;/a&amp;gt;" />
  <Ad Id="2" Type="image" Image="/templates/master/kuanping/UploadImage/advertimg/20140318192751_4967.jpg" Url="" AdImageSize="134*28" />
  <Ad Id="3" Type="slide" Image1="/templates/master/kuanping/UploadImage/advertimg/20140108142921_8694.jpg" Image2="/templates/master/kuanping/UploadImage/advertimg/20140108142921_8694.jpg" Image3="/templates/master/kuanping/UploadImage/advertimg/20140108142921_8694.jpg" Image4="/templates/master/kuanping/UploadImage/advertimg/20140108142921_8694.jpg" Image5="" Image6="" Image7="" Image8="" Image9="" Image10="" Url1="" Url2="" Url3="" Url4="" Url5="" Url6="" Url7="" Url8="" Url9="" Url10="" AdImageSize="750*400" />
  <Ad Id="4" Type="image" Image="/templates/master/kuanping/UploadImage/advertimg/20140320193817_3368.jpg" Url="" AdImageSize="322*204" />
  <Ad Id="5" Type="image" Image="/templates/master/kuanping/UploadImage/advertimg/20140320193817_3368.jpg" Url="" AdImageSize="322*204" />
  <Ad Id="6" Type="image" Image="/templates/master/kuanping/UploadImage/advertimg/20140320193817_3368.jpg" Url="" AdImageSize="322*204" />
  <Ad Id="7" Type="image" Image="/templates/master/kuanping/UploadImage/advertimg/20140320223335_6664.jpg" Url="" AdImageSize="1200*90" />
  <Ad Id="8" Type="image" Image="/templates/master/kuanping/UploadImage/advertimg/20140323155818_5489.jpg" Url="" AdImageSize="204*276" />
  <Ad Id="9" Type="custom" Html="&amp;lt;img src=&amp;quot;/templates/master/kuanping/UploadImage/AdvertImg/20140323161210_7165.jpg&amp;quot; alt=&amp;quot;&amp;quot; border=&amp;quot;0&amp;quot; /&amp;gt;&amp;lt;img src=&amp;quot;/templates/master/kuanping/UploadImage/AdvertImg/20140323161217_1728.jpg&amp;quot; alt=&amp;quot;&amp;quot; border=&amp;quot;0&amp;quot; /&amp;gt;&amp;lt;img src=&amp;quot;/templates/master/kuanping/UploadImage/AdvertImg/20140323161222_7912.jpg&amp;quot; alt=&amp;quot;&amp;quot; border=&amp;quot;0&amp;quot; /&amp;gt;&amp;lt;img src=&amp;quot;/templates/master/kuanping/UploadImage/AdvertImg/20140323161228_9365.jpg&amp;quot; alt=&amp;quot;&amp;quot; border=&amp;quot;0&amp;quot; /&amp;gt;" />
  <Ad Id="10" Type="image" Image="/templates/master/kuanping/UploadImage/advertimg/20140323155818_5489.jpg" Url="" AdImageSize="204*276" />
  <Ad Id="11" Type="custom" Html="&amp;lt;img src=&amp;quot;/templates/master/kuanping/UploadImage/AdvertImg/20140323161210_7165.jpg&amp;quot; alt=&amp;quot;&amp;quot; border=&amp;quot;0&amp;quot; /&amp;gt;&amp;lt;img src=&amp;quot;/templates/master/kuanping/UploadImage/AdvertImg/20140323161217_1728.jpg&amp;quot; alt=&amp;quot;&amp;quot; border=&amp;quot;0&amp;quot; /&amp;gt;&amp;lt;img src=&amp;quot;/templates/master/kuanping/UploadImage/AdvertImg/20140323161222_7912.jpg&amp;quot; alt=&amp;quot;&amp;quot; border=&amp;quot;0&amp;quot; /&amp;gt;&amp;lt;img src=&amp;quot;/templates/master/kuanping/UploadImage/AdvertImg/20140323161228_9365.jpg&amp;quot; alt=&amp;quot;&amp;quot; border=&amp;quot;0&amp;quot; /&amp;gt;" />
  <Ad Id="12" Type="image" Image="/templates/master/kuanping/UploadImage/advertimg/20140323155818_5489.jpg" Url="" AdImageSize="204*276" />
  <Ad Id="13" Type="custom" Html="&amp;lt;img src=&amp;quot;/templates/master/kuanping/UploadImage/AdvertImg/20140323161210_7165.jpg&amp;quot; alt=&amp;quot;&amp;quot; border=&amp;quot;0&amp;quot; /&amp;gt;&amp;lt;img src=&amp;quot;/templates/master/kuanping/UploadImage/AdvertImg/20140323161217_1728.jpg&amp;quot; alt=&amp;quot;&amp;quot; border=&amp;quot;0&amp;quot; /&amp;gt;&amp;lt;img src=&amp;quot;/templates/master/kuanping/UploadImage/AdvertImg/20140323161222_7912.jpg&amp;quot; alt=&amp;quot;&amp;quot; border=&amp;quot;0&amp;quot; /&amp;gt;&amp;lt;img src=&amp;quot;/templates/master/kuanping/UploadImage/AdvertImg/20140323161228_9365.jpg&amp;quot; alt=&amp;quot;&amp;quot; border=&amp;quot;0&amp;quot; /&amp;gt;" />
  <Ad Id="14" Type="image" Image="/templates/master/kuanping/UploadImage/advertimg/20140323155818_5489.jpg" Url="" AdImageSize="204*276" />
  <Ad Id="15" Type="custom" Html="&amp;lt;img src=&amp;quot;/templates/master/kuanping/UploadImage/AdvertImg/20140323161210_7165.jpg&amp;quot; alt=&amp;quot;&amp;quot; border=&amp;quot;0&amp;quot; /&amp;gt;&amp;lt;img src=&amp;quot;/templates/master/kuanping/UploadImage/AdvertImg/20140323161217_1728.jpg&amp;quot; alt=&amp;quot;&amp;quot; border=&amp;quot;0&amp;quot; /&amp;gt;&amp;lt;img src=&amp;quot;/templates/master/kuanping/UploadImage/AdvertImg/20140323161222_7912.jpg&amp;quot; alt=&amp;quot;&amp;quot; border=&amp;quot;0&amp;quot; /&amp;gt;&amp;lt;img src=&amp;quot;/templates/master/kuanping/UploadImage/AdvertImg/20140323161228_9365.jpg&amp;quot; alt=&amp;quot;&amp;quot; border=&amp;quot;0&amp;quot; /&amp;gt;" />
  <Ad Id="16" Type="image" Image="/templates/master/kuanping/UploadImage/advertimg/20140323200703_3265.jpg" Url="" AdImageSize="204*276" />
  <Ad Id="498" Type="custom" Html="&amp;lt;img src=&amp;quot;/templates/master/kuanping/UploadImage/AdvertImg/20140324194241_6398.jpg&amp;quot; alt=&amp;quot;&amp;quot; border=&amp;quot;0&amp;quot; /&amp;gt;" />
  <Ad Id="499" Type="custom" Html="&amp;lt;img src=&amp;quot;/templates/master/kuanping/UploadImage/AdvertImg/20140324194241_6398.jpg&amp;quot; alt=&amp;quot;&amp;quot; border=&amp;quot;0&amp;quot; /&amp;gt;" />
  <Ad Id="500" Type="image" Image="/templates/master/kuanping/UploadImage/advertimg/20140323210347_0322.jpg" Url="" AdImageSize="204*276" />
  <Ad Id="23" Type="custom" Html="&amp;lt;div style=&amp;quot;background:#fe3f37;text-align:center;&amp;quot;&amp;gt;&#xA;	&amp;lt;img src=&amp;quot;/templates/master/kuanping/UploadImage/AdvertImg/20160331145919_8098.jpg&amp;quot; alt=&amp;quot;&amp;quot; /&amp;gt; &#xA;&amp;lt;/div&amp;gt;" />
</root>