﻿<?xml version="1.0" encoding="utf-8"?>
<root>
  <Ad Id="1" Type="custom" Html="&amp;lt;a href=&amp;quot;#&amp;quot;&amp;gt;收藏本站&amp;lt;/a&amp;gt;" />
  <Ad Id="2" Type="image" Image="/templates/master/kuanping221/UploadImage/advertimg/20140318192751_4967.jpg" Url="" AdImageSize="134*28" />
  <Ad Id="3" Type="image" Image="/templates/master/default/UploadImage/advertimg/ad-03.jpg" Url="" AdImageSize="239*160" />
  <Ad Id="4" Type="image" Image="/templates/master/default/UploadImage/advertimg/ad-04.jpg" Url="" AdImageSize="239*160" />
  <Ad Id="5" Type="custom" Html="&amp;lt;div style=&amp;quot;text-align:center;background:#010101;&amp;quot;&amp;gt;&amp;lt;img src=&amp;quot;/templates/master/yijiu/UploadImage/AdvertImg/20140529143643_8040.jpg&amp;quot; title=&amp;quot;maotainew_07&amp;quot; alt=&amp;quot;maotainew_07&amp;quot; border=&amp;quot;0&amp;quot; /&amp;gt;&amp;lt;/div&amp;gt;" />
  <Ad Id="6" Type="image" Image="/templates/master/yijiu/UploadImage/advertimg/20140624215031_7603.jpg" Url="" AdImageSize="122*55" />
  <Ad Id="7" Type="custom" Html="&amp;lt;img src=&amp;quot;/templates/master/yijiu/UploadImage/AdvertImg/20140529145638_1713.jpg&amp;quot; title=&amp;quot;maotainew_14&amp;quot; alt=&amp;quot;maotainew_14&amp;quot; border=&amp;quot;0&amp;quot; /&amp;gt;&amp;lt;img src=&amp;quot;/templates/master/yijiu/UploadImage/AdvertImg/20140529145643_4056.jpg&amp;quot; title=&amp;quot;maotainew_15&amp;quot; alt=&amp;quot;maotainew_15&amp;quot; border=&amp;quot;0&amp;quot; /&amp;gt;&amp;lt;img src=&amp;quot;/templates/master/yijiu/UploadImage/AdvertImg/20140529145649_2179.jpg&amp;quot; title=&amp;quot;maotainew_16&amp;quot; alt=&amp;quot;maotainew_16&amp;quot; border=&amp;quot;0&amp;quot; /&amp;gt;" />
  <Ad Id="8" Type="image" Image="/templates/master/default/UploadImage/advertimg/ad-08.jpg" Url="" AdImageSize="1200*100" />
  <Ad Id="9" Type="image" Image="/templates/master/default/UploadImage/advertimg/ad-09.jpg" Url="" AdImageSize="360*445" />
  <Ad Id="10" Type="image" Image="/templates/master/default/UploadImage/advertimg/20160523095124_9304.jpg" Url="" AdImageSize="360*445" />
  <Ad Id="11" Type="slide" Image1="/Templates/master/yijiu/images/jiu.jpg" Image2="/Templates/master/yijiu/images/jiu.jpg" Image3="/Templates/master/yijiu/images/jiu.jpg" Image4="" Image5="" Image6="" Image7="" Image8="" Image9="" Image10="" Url1="" Url2="" Url3="" Url4="" Url5="" Url6="" Url7="" Url8="" Url9="" Url10="" AdImageSize="1920*420" />
  <Ad Id="12" Type="image" Image="/templates/master/default/UploadImage/advertimg/20160523095148_0399.jpg" Url="" AdImageSize="360*445" />
  <Ad Id="13" Type="image" Image="/templates/master/default/UploadImage/advertimg/20160523095236_0714.jpg" Url="" AdImageSize="360*445" />
  <Ad Id="14" Type="image" Image="/templates/master/default/UploadImage/advertimg/20160523095258_3841.jpg" Url="" AdImageSize="360*445" />
  <Ad Id="15" Type="image" Image="/templates/master/default/UploadImage/advertimg/20160523095324_9155.jpg" Url="" AdImageSize="360*445" />
  <Ad Id="16" Type="custom" Html="&amp;lt;div style=&amp;quot;text-align:center;background:#2e3192;&amp;quot;&amp;gt;&amp;lt;img src=&amp;quot;/templates/master/yijiu/UploadImage/AdvertImg/20140529174136_3044.jpg&amp;quot; title=&amp;quot;maotainew_154&amp;quot; alt=&amp;quot;maotainew_154&amp;quot; border=&amp;quot;0&amp;quot; /&amp;gt;&amp;lt;/div&amp;gt;" />
  <Ad Id="17" Type="custom" Html="&amp;lt;img src=&amp;quot;/templates/master/yijiu/UploadImage/AdvertImg/20140530101751_8468.jpg&amp;quot; title=&amp;quot;maotainew_156&amp;quot; alt=&amp;quot;maotainew_156&amp;quot; border=&amp;quot;0&amp;quot; /&amp;gt;" />
  <Ad Id="18" Type="image" Image="/templates/master/yijiu/UploadImage/advertimg/20140622220629_9628.jpg" Url="" AdImageSize="270*159" />
  <Ad Id="19" Type="image" Image="/templates/master/yijiu/UploadImage/advertimg/20140622220646_2197.jpg" Url="" AdImageSize="270*180" />
  <Ad Id="20" Type="custom" Html="&amp;lt;img src=&amp;quot;/templates/master/yijiu/UploadImage/AdvertImg/20140622221329_4408.jpg&amp;quot; title=&amp;quot;yijiu_38&amp;quot; alt=&amp;quot;yijiu_38&amp;quot; border=&amp;quot;0&amp;quot; /&amp;gt;&amp;lt;br /&amp;gt;" />
  <Ad Id="21" Type="custom" Html="&amp;lt;img src=&amp;quot;/templates/master/yijiu/UploadImage/AdvertImg/20140622224721_6890.jpg&amp;quot; title=&amp;quot;yijiu_45&amp;quot; alt=&amp;quot;yijiu_45&amp;quot; border=&amp;quot;0&amp;quot; /&amp;gt;&amp;lt;br /&amp;gt;" />
  <Ad Id="22" Type="image" Image="/templates/master/yijiu/UploadImage/advertimg/20140623090000_9322.jpg" Url="" AdImageSize="270*180" />
  <Ad Id="23" Type="custom" Html="&amp;lt;div style=&amp;quot;background:#fe3f37;text-align:center;&amp;quot;&amp;gt;&#xA;	&amp;lt;img src=&amp;quot;/templates/master/default/UploadImage/AdvertImg/20160331145919_8098.jpg&amp;quot; alt=&amp;quot;&amp;quot; /&amp;gt; &#xA;&amp;lt;/div&amp;gt;" />
  <Ad Id="24" Type="custom" Html="&lt;p&gt;&lt;img src=&quot;/templates/master/yijiu/UploadImage/AdvertImg/20140623095337_5026.jpg&quot; title=&quot;yijiu_60&quot; alt=&quot;yijiu_60&quot; border=&quot;0&quot;/&gt;&lt;img src=&quot;/templates/master/yijiu/UploadImage/AdvertImg/20140623095245_5918.jpg&quot; title=&quot;yijiu_52&quot; alt=&quot;yijiu_52&quot; border=&quot;0&quot;/&gt;&lt;img src=&quot;/templates/master/yijiu/UploadImage/AdvertImg/20140623095254_2453.jpg&quot; title=&quot;yijiu_54&quot; alt=&quot;yijiu_54&quot; border=&quot;0&quot;/&gt;&lt;img src=&quot;/templates/master/yijiu/UploadImage/AdvertImg/20140623095302_5404.jpg&quot; title=&quot;yijiu_56&quot; alt=&quot;yijiu_56&quot; border=&quot;0&quot;/&gt;&lt;img src=&quot;/templates/master/yijiu/UploadImage/AdvertImg/20140623095311_4082.jpg&quot; title=&quot;yijiu_58&quot; alt=&quot;yijiu_58&quot; border=&quot;0&quot;/&gt;&lt;/p&gt;" />
  <Ad Id="25" Type="custom" Html="争分夺秒" />
  <Ad Id="26" Type="custom" Html="大牌热卖" />
  <Ad Id="27" Type="custom" Html="品牌精品店" />
  <Ad Id="28" Type="image" Image="/templates/master/default/UploadImage/advertimg/20160315173553_2670.png" Url="" AdImageSize="180*65" />
  <Ad Id="29" Type="custom" Html="&amp;lt;div class=&amp;quot;list&amp;quot;&amp;gt;&#xA;	&amp;lt;a target=&amp;quot;_blank&amp;quot; href=&amp;quot;http://wpa.qq.com/msgrd?v=3&amp;amp;uin=123456&amp;amp;site=qq&amp;amp;menu=yes&amp;quot;&amp;gt; &amp;lt;img src=&amp;quot;http://wpa.qq.com/pa?p=2:123456:52&amp;quot; /&amp;gt; &amp;lt;em&amp;gt;客服老罗&amp;lt;/em&amp;gt;&amp;lt;/a&amp;gt; &#xA;&amp;lt;/div&amp;gt;&#xA;&amp;lt;div class=&amp;quot;list&amp;quot;&amp;gt;&#xA;	&amp;lt;a target=&amp;quot;_blank&amp;quot; href=&amp;quot;http://wpa.qq.com/msgrd?v=3&amp;amp;uin=123456&amp;amp;site=qq&amp;amp;menu=yes&amp;quot;&amp;gt; &amp;lt;img src=&amp;quot;http://wpa.qq.com/pa?p=2:123456:52&amp;quot; /&amp;gt; &amp;lt;em&amp;gt;客服小罗&amp;lt;/em&amp;gt; &amp;lt;/a&amp;gt; &#xA;&amp;lt;/div&amp;gt;" />
  <Ad Id="30" Type="custom" Html="&amp;lt;img src=&amp;quot;/templates/master/default/UploadImage/AdvertImg/20160418100121_4541.jpg&amp;quot; alt=&amp;quot;&amp;quot; /&amp;gt;&amp;lt;img src=&amp;quot;/templates/master/default/UploadImage/AdvertImg/20160418100121_6905.jpg&amp;quot; alt=&amp;quot;&amp;quot; /&amp;gt;&amp;lt;img src=&amp;quot;/templates/master/default/UploadImage/AdvertImg/20160418100121_9475.jpg&amp;quot; alt=&amp;quot;&amp;quot; /&amp;gt;" />
  <Ad Id="31" Type="custom" Html="&amp;lt;img src=&amp;quot;/templates/master/default/UploadImage/AdvertImg/20160316155855_3112.png&amp;quot; alt=&amp;quot;&amp;quot; /&amp;gt;&amp;lt;br /&amp;gt;" />
  <Ad Id="230" Type="image" Image="/templates/master/yijiu/UploadImage/advertimg/20140623090000_9322.jpg" Url="" AdImageSize="270*180" />
</root>