﻿<?xml version="1.0" encoding="utf-8"?>
<root>
  <Ad Id="1" Type="slide" Image1="/templates/master/default/UploadImage/advertimg/20130911162839_9256.jpg" Image2="/templates/master/default/UploadImage/advertimg/20130911163017_0502.jpg" Image3="/templates/master/default/UploadImage/advertimg/20130911163039_7395.jpg" Image4="" Image5="" Image6="" Image7="" Image8="" Image9="" Image10="" Url1="http://www.baidu.com" Url2="" Url3="" Url4="" Url5="" Url6="" Url7="" Url8="" Url9="" Url10="" AdImageSize="564*239" />
  <Ad Id="2" Type="image" Image="/templates/master/default/UploadImage/advertimg/2.jpg" Url="" AdImageSize="210*93" />
  <Ad Id="3" Type="image" Image="/templates/master/default/UploadImage/advertimg/20130911162418_5837.jpg" Url="" AdImageSize="210*88" />
  <Ad Id="4" Type="image" Image="/templates/master/default/UploadImage/advertimg/20130911162615_7794.jpg" Url="" AdImageSize="158*151" />
  <Ad Id="5" Type="image" Image="/templates/master/default/UploadImage/advertimg/index_160.jpg" Url="" AdImageSize="200*152" />
  <Ad Id="6" Type="image" Image="/templates/master/default/UploadImage/advertimg/index_160.jpg" Url="" AdImageSize="200*152" />
  <Ad Id="7" Type="image" Image="/templates/master/default/UploadImage/advertimg/20130911162752_6589.jpg" Url="" AdImageSize="150*98" />
  <Ad Id="8" Type="image" Image="/templates/master/meibang/UploadImage/advertimg/20140628144238_8851.jpg" Url="" AdImageSize="1000*87" />
  <Ad Id="9" Type="image" Image="/templates/master/default/UploadImage/advertimg/index_188.jpg" Url="" AdImageSize="212*155" />
  <Ad Id="10" Type="image" Image="/templates/master/default/UploadImage/advertimg/20131025114524_1318.jpg" Url="" AdImageSize="158*151" />
  <Ad Id="11" Type="slide" Image1="/templates/master/meibang/images/banggou/banner.jpg" Image2="/templates/master/meibang/images/banggou/banner.jpg" Image3="/templates/master/meibang/images/banggou/banner.jpg" Image4="" Image5="" Image6="" Image7="" Image8="" Image9="" Image10="" Url1="" Url2="" Url3="" Url4="" Url5="" Url6="" Url7="" Url8="" Url9="" Url10="" AdImageSize="1920*349" />
  <Ad Id="12" Type="image" Image="/templates/master/meibang/UploadImage/advertimg/20140628150352_2859.jpg" Url="" AdImageSize="229*143" />
  <Ad Id="13" Type="image" Image="/templates/master/default/UploadImage/advertimg/20131008152902_6219.jpg" Url="" AdImageSize="628*430" />
  <Ad Id="14" Type="image" Image="/templates/master/default/UploadImage/advertimg/1.jpg" Url="" AdImageSize="210*300" />
  <Ad Id="15" Type="image" Image="/templates/master/default/UploadImage/advertimg/2.jpg" Url="" AdImageSize="210*90" />
  <Ad Id="16" Type="image" Image="/templates/master/default/UploadImage/advertimg/2.jpg" Url="" AdImageSize="210*90" />
  <Ad Id="17" Type="custom" Html="&amp;lt;img src=&amp;quot;/templates/master/meibang/UploadImage/AdvertImg/20140628131442_2713.jpg&amp;quot; alt=&amp;quot;&amp;quot; border=&amp;quot;0&amp;quot; /&amp;gt;&amp;lt;img src=&amp;quot;/templates/master/meibang/UploadImage/AdvertImg/20140628131450_7157.jpg&amp;quot; alt=&amp;quot;&amp;quot; border=&amp;quot;0&amp;quot; /&amp;gt;&amp;lt;img src=&amp;quot;/templates/master/meibang/UploadImage/AdvertImg/20140628131457_1151.jpg&amp;quot; alt=&amp;quot;&amp;quot; border=&amp;quot;0&amp;quot; /&amp;gt;&amp;lt;img src=&amp;quot;/templates/master/meibang/UploadImage/AdvertImg/20140628131502_5114.jpg&amp;quot; alt=&amp;quot;&amp;quot; border=&amp;quot;0&amp;quot; /&amp;gt;" />
  <Ad Id="18" Type="custom" Html="新品上架" />
  <Ad Id="19" Type="custom" Html="优惠商品" />
  <Ad Id="20" Type="custom" Html="&amp;lt;img src=&amp;quot;/templates/master/meibang/UploadImage/AdvertImg/20140628140829_5458.jpg&amp;quot; alt=&amp;quot;&amp;quot; border=&amp;quot;0&amp;quot; /&amp;gt;" />
  <Ad Id="21" Type="custom" Html="精品推荐" />
  <Ad Id="22" Type="custom" Html="&amp;lt;img src=&amp;quot;/templates/master/meibang/UploadImage/AdvertImg/20140628141348_4021.jpg&amp;quot; alt=&amp;quot;&amp;quot; border=&amp;quot;0&amp;quot; /&amp;gt;&amp;lt;img src=&amp;quot;/templates/master/meibang/UploadImage/AdvertImg/20140628141355_6105.jpg&amp;quot; alt=&amp;quot;&amp;quot; border=&amp;quot;0&amp;quot; /&amp;gt;&amp;lt;img src=&amp;quot;/templates/master/meibang/UploadImage/AdvertImg/20140628141430_3415.jpg&amp;quot; alt=&amp;quot;&amp;quot; border=&amp;quot;0&amp;quot; /&amp;gt;" />
  <Ad Id="23" Type="custom" Html="&amp;lt;img src=&amp;quot;/templates/master/meibang/UploadImage/AdvertImg/20140628145215_7111.jpg&amp;quot; alt=&amp;quot;&amp;quot; border=&amp;quot;0&amp;quot; /&amp;gt;&amp;lt;br /&amp;gt;" />
  <Ad Id="24" Type="custom" Html="&amp;lt;wb:follow-button uid=&amp;quot;2991975565&amp;quot; type=&amp;quot;red_2&amp;quot; width=&amp;quot;136&amp;quot; height=&amp;quot;24&amp;quot;&amp;gt;&amp;lt;/wb:follow-button&amp;gt;" />
  <Ad Id="25" Type="custom" Html="&amp;lt;a class=&amp;quot;a_kf&amp;quot; href=&amp;quot;http://wpa.qq.com/msgrd?v=3&amp;amp;amp;uin=123&amp;amp;amp;site=qq&amp;amp;amp;menu=yes&amp;quot; target=&amp;quot;_blank&amp;quot;&amp;gt;&amp;lt;img src=&amp;quot;/templates/master/meibang/UploadImage/AdvertImg/20140628165627_0782.jpg&amp;quot; alt=&amp;quot;&amp;quot; border=&amp;quot;0&amp;quot; /&amp;gt;&amp;lt;/a&amp;gt; &amp;lt;a class=&amp;quot;go_shopcart &amp;quot; href=&amp;quot;/ShoppingCart.aspx&amp;quot;&amp;gt;&amp;lt;img src=&amp;quot;/templates/master/meibang/UploadImage/AdvertImg/20140628165635_4807.jpg&amp;quot; alt=&amp;quot;&amp;quot; border=&amp;quot;0&amp;quot; /&amp;gt;&amp;lt;/a&amp;gt; &amp;lt;div class=&amp;quot;actGotop&amp;quot;&amp;gt;&amp;lt;a title=&amp;quot;Top&amp;quot; href=&amp;quot;javascript:;&amp;quot;&amp;gt;&amp;lt;img src=&amp;quot;/templates/master/meibang/UploadImage/AdvertImg/20140628165643_4652.jpg&amp;quot; alt=&amp;quot;&amp;quot; border=&amp;quot;0&amp;quot; /&amp;gt;&amp;lt;/a&amp;gt;&amp;lt;/div&amp;gt;" />
  <Ad Id="26" Type="custom" Html="&amp;lt;div style=&amp;quot;background:#fe3f37;text-align:center;&amp;quot;&amp;gt;&#xA;	&amp;lt;img src=&amp;quot;/templates/master/default/UploadImage/AdvertImg/20160331145919_8098.jpg&amp;quot; alt=&amp;quot;&amp;quot; /&amp;gt; &#xA;&amp;lt;/div&amp;gt;" />
  
  <Ad Id="27" Type="custom" Html="&amp;lt;img src=&amp;quot;/templates/master/meibang/UploadImage/AdvertImg/20140628145215_7111.jpg&amp;quot; alt=&amp;quot;&amp;quot; border=&amp;quot;0&amp;quot; /&amp;gt;&amp;lt;br /&amp;gt;" />
  
</root>