﻿<?xml version="1.0" encoding="utf-8"?>
<root>
  <Subject SubjectId="1" Type="simple" CategoryId="223" TagId="" BrandId="" TypeId="" AttributeString="" MaxNum="1" ImageSize="160" ImageSizeRange="160" />
  <Subject SubjectId="2" Type="simple" CategoryId="223" TagId="" BrandId="" TypeId="" AttributeString="" MaxNum="2" ImageSize="100" ImageSizeRange="100" />
  <Subject SubjectId="3" Type="simple" CategoryId="309" TagId="" BrandId="" TypeId="" AttributeString="" MaxNum="2" ImageSize="100" ImageSizeRange="100" />
  <Subject SubjectId="4" Type="simple" CategoryId="303" TagId="" BrandId="" TypeId="" AttributeString="" MaxNum="2" ImageSize="100" ImageSizeRange="100" />
  <Subject SubjectId="5" Type="top" CategoryId="" MaxNum="5" ImageNum="5" IsShowPrice="true" IsShowSaleCounts="false" IsImgShowPrice="true" IsImgShowSaleCounts="false" ImageSize="60" ImageSizeRange="60" SkinName="/HomeTags/SubjectProduct/Common_SubjectProduct_Top.html" />
  <Subject SubjectId="6" Type="tab" TabTitle1="吃货" TabTitle2="生活" TabTitle3="美食" TabTitle4="川味道" TabTitle5="湘味道" TabTitle6="老北京" TabTitle7="大东北" TabTitle8="其他" Where1=",," Where2="26,," Where3=",," Where4=",," Where5=",," Where6=",," Where7=",," Where8=",," MaxNum="12" ImageSize="220" ImageSizeRange="220" />
  <Subject SubjectId="7" Type="simple" CategoryId="303" TagId="" BrandId="" TypeId="" AttributeString="" MaxNum="8" ImageSize="160" ImageSizeRange="160" />
  <Subject SubjectId="8" Type="simple" CategoryId="303" TagId="" BrandId="" TypeId="" AttributeString="" MaxNum="8" ImageSize="160" ImageSizeRange="160" />
  <Subject SubjectId="9" Type="simple" CategoryId="303" TagId="" BrandId="" TypeId="" AttributeString="" MaxNum="8" ImageSize="160" ImageSizeRange="160" />
  <Subject SubjectId="10" Type="simple" CategoryId="303" TagId="" BrandId="" TypeId="" AttributeString="" MaxNum="8" ImageSize="160" ImageSizeRange="160" />
  <Subject SubjectId="11" Type="floor" Title="玩具动漫" ImageTitle="" IsShowMoreLink="false" AdImage="/templates/master/yijiu/UploadImage/advertimg/20140622230138_4150.jpg" CategoryId="309" TagId="" BrandId="" MaxNum="10" SubCategoryNum="5" ImageSize="160" ImageSizeRange="160" AdImageSize="240*254" TitleImageSize="28*36" />
  <Subject SubjectId="12" Type="floor" Title="玩具动漫" ImageTitle="" IsShowMoreLink="false" AdImage="/templates/master/yijiu/UploadImage/advertimg/20140622230138_4150.jpg" CategoryId="309" TagId="" BrandId="" MaxNum="10" SubCategoryNum="5" ImageSize="160" ImageSizeRange="160" AdImageSize="240*254" TitleImageSize="28*36" />
  <Subject SubjectId="13" Type="top" CategoryId="" MaxNum="5" ImageNum="5" IsShowPrice="true" IsShowSaleCounts="false" IsImgShowPrice="true" IsImgShowSaleCounts="false" ImageSize="60" ImageSizeRange="60" SkinName="/HomeTags/SubjectProduct/Common_SubjectProduct_Top.html" />
  <Subject SubjectId="14" Type="floor" Title="玩具动漫" ImageTitle="" IsShowMoreLink="false" AdImage="/templates/master/yijiu/UploadImage/advertimg/20140622230138_4150.jpg" CategoryId="309" TagId="" BrandId="" MaxNum="10" SubCategoryNum="5" ImageSize="160" ImageSizeRange="160" AdImageSize="240*254" TitleImageSize="28*36" />
  <Subject SubjectId="15" Type="floor" Title="玩具动漫" ImageTitle="" IsShowMoreLink="false" AdImage="/templates/master/yijiu/UploadImage/advertimg/20140622230138_4150.jpg" CategoryId="309" TagId="" BrandId="" MaxNum="10" SubCategoryNum="5" ImageSize="160" ImageSizeRange="160" AdImageSize="240*254" TitleImageSize="28*36" />
  <Subject SubjectId="16" Type="floor" Title="玩具动漫" ImageTitle="" IsShowMoreLink="false" AdImage="/templates/master/yijiu/UploadImage/advertimg/20140622230138_4150.jpg" CategoryId="309" AdUrl="http://google9.com" TitelUrl="http://sian.com" TagId="" BrandId="" MaxNum="4" SubCategoryNum="5" ImageSize="100" ImageSizeRange="100" AdImageSize="240*254" TitleImageSize="28*36" SkinName="/HomeTags/SubjectProduct/Common_SubjectProduct_Floor.html" />
    <Subject SubjectId="17" Type="top" CategoryId="" MaxNum="5" ImageNum="5" IsShowPrice="false" IsShowSaleCounts="false" IsImgShowPrice="true" IsImgShowSaleCounts="false" ImageSize="160" ImageSizeRange="60" SkinName="/HomeTags/SubjectProduct/Common_SubjectProduct_Top2.html" />
</root>