﻿<?xml version="1.0" encoding="utf-8"?>
<root>
  <Ad Id="1" Type="custom" Html="&amp;lt;a href=&amp;quot;#&amp;quot;&amp;gt;收藏本站&amp;lt;/a&amp;gt;" />
  <Ad Id="2" Type="image" Image="/templates/master/kuanping/UploadImage/advertimg/20140318192751_4967.jpg" Url="" AdImageSize="134*28" />
  <Ad Id="3" Type="slide" Image1="/templates/master/kuanping/UploadImage/advertimg/20140108142921_8694.jpg" Image2="/templates/master/kuanping/UploadImage/advertimg/20140108142921_8694.jpg" Image3="/templates/master/kuanping/UploadImage/advertimg/20140108142921_8694.jpg" Image4="/templates/master/kuanping/UploadImage/advertimg/20140108142921_8694.jpg" Image5="" Image6="" Image7="" Image8="" Image9="" Image10="" Url1="" Url2="" Url3="" Url4="" Url5="" Url6="" Url7="" Url8="" Url9="" Url10="" AdImageSize="750*400" />
  <Ad Id="4" Type="image" Image="/templates/master/kuanping/UploadImage/advertimg/20140320193817_3368.jpg" Url="" AdImageSize="322*204" />
  <Ad Id="5" Type="image" Image="/templates/master/kuanping/UploadImage/advertimg/20140320193817_3368.jpg" Url="" AdImageSize="322*204" />
  <Ad Id="6" Type="image" Image="/templates/master/kuanping/UploadImage/advertimg/20140320193817_3368.jpg" Url="" AdImageSize="322*204" />
  <Ad Id="7" Type="image" Image="/templates/master/kuanping/UploadImage/advertimg/20140320223335_6664.jpg" Url="" AdImageSize="1200*90" />
  <Ad Id="8" Type="image" Image="/templates/master/kuanping/UploadImage/advertimg/20140323155818_5489.jpg" Url="" AdImageSize="204*276" />
  <Ad Id="9" Type="custom" Html="&amp;lt;img src=&amp;quot;/templates/master/kuanping/UploadImage/AdvertImg/20140323161210_7165.jpg&amp;quot; alt=&amp;quot;&amp;quot; border=&amp;quot;0&amp;quot; /&amp;gt;&amp;lt;img src=&amp;quot;/templates/master/kuanping/UploadImage/AdvertImg/20140323161217_1728.jpg&amp;quot; alt=&amp;quot;&amp;quot; border=&amp;quot;0&amp;quot; /&amp;gt;&amp;lt;img src=&amp;quot;/templates/master/kuanping/UploadImage/AdvertImg/20140323161222_7912.jpg&amp;quot; alt=&amp;quot;&amp;quot; border=&amp;quot;0&amp;quot; /&amp;gt;&amp;lt;img src=&amp;quot;/templates/master/kuanping/UploadImage/AdvertImg/20140323161228_9365.jpg&amp;quot; alt=&amp;quot;&amp;quot; border=&amp;quot;0&amp;quot; /&amp;gt;" />
  <Ad Id="10" Type="image" Image="/templates/master/kuanping/UploadImage/advertimg/20140323155818_5489.jpg" Url="" AdImageSize="204*276" />
  <Ad Id="11" Type="custom" Html="&amp;lt;img src=&amp;quot;/templates/master/kuanping/UploadImage/AdvertImg/20140323161210_7165.jpg&amp;quot; alt=&amp;quot;&amp;quot; border=&amp;quot;0&amp;quot; /&amp;gt;&amp;lt;img src=&amp;quot;/templates/master/kuanping/UploadImage/AdvertImg/20140323161217_1728.jpg&amp;quot; alt=&amp;quot;&amp;quot; border=&amp;quot;0&amp;quot; /&amp;gt;&amp;lt;img src=&amp;quot;/templates/master/kuanping/UploadImage/AdvertImg/20140323161222_7912.jpg&amp;quot; alt=&amp;quot;&amp;quot; border=&amp;quot;0&amp;quot; /&amp;gt;&amp;lt;img src=&amp;quot;/templates/master/kuanping/UploadImage/AdvertImg/20140323161228_9365.jpg&amp;quot; alt=&amp;quot;&amp;quot; border=&amp;quot;0&amp;quot; /&amp;gt;" />
  <Ad Id="12" Type="image" Image="/templates/master/kuanping/UploadImage/advertimg/20140323155818_5489.jpg" Url="" AdImageSize="204*276" />
  <Ad Id="13" Type="custom" Html="&amp;lt;img src=&amp;quot;/templates/master/kuanping/UploadImage/AdvertImg/20140323161210_7165.jpg&amp;quot; alt=&amp;quot;&amp;quot; border=&amp;quot;0&amp;quot; /&amp;gt;&amp;lt;img src=&amp;quot;/templates/master/kuanping/UploadImage/AdvertImg/20140323161217_1728.jpg&amp;quot; alt=&amp;quot;&amp;quot; border=&amp;quot;0&amp;quot; /&amp;gt;&amp;lt;img src=&amp;quot;/templates/master/kuanping/UploadImage/AdvertImg/20140323161222_7912.jpg&amp;quot; alt=&amp;quot;&amp;quot; border=&amp;quot;0&amp;quot; /&amp;gt;&amp;lt;img src=&amp;quot;/templates/master/kuanping/UploadImage/AdvertImg/20140323161228_9365.jpg&amp;quot; alt=&amp;quot;&amp;quot; border=&amp;quot;0&amp;quot; /&amp;gt;" />
  <Ad Id="14" Type="image" Image="/templates/master/kuanping/UploadImage/advertimg/20140323155818_5489.jpg" Url="" AdImageSize="204*276" />
  <Ad Id="15" Type="custom" Html="&amp;lt;img src=&amp;quot;/templates/master/fangetao/UploadImage/AdvertImg/20140323161210_7165.jpg&amp;quot; alt=&amp;quot;&amp;quot; border=&amp;quot;0&amp;quot; /&amp;gt;&#xA;&amp;lt;img src=&amp;quot;/templates/master/fangetao/UploadImage/AdvertImg/20140323161217_1728.jpg&amp;quot; alt=&amp;quot;&amp;quot; border=&amp;quot;0&amp;quot; /&amp;gt;&#xA;&amp;lt;img src=&amp;quot;/templates/master/fangetao/UploadImage/AdvertImg/20140323161222_7912.jpg&amp;quot; alt=&amp;quot;&amp;quot; border=&amp;quot;0&amp;quot; /&amp;gt;&#xA;&amp;lt;img src=&amp;quot;/templates/master/fangetao/UploadImage/AdvertImg/20140323161228_9365.jpg&amp;quot; alt=&amp;quot;&amp;quot; border=&amp;quot;0&amp;quot; /&amp;gt;" />
  <Ad Id="16" Type="custom" Html="&amp;lt;p&amp;gt;&amp;lt;strong&amp;gt;正品保障&amp;lt;/strong&amp;gt;&amp;lt;/p&amp;gt;&#xA;&amp;lt;p&amp;gt;正品保障，提供发票&amp;lt;/p&amp;gt;" />
  <Ad Id="17" Type="custom" Html="&amp;lt;p&amp;gt;&amp;lt;strong&amp;gt;急速物流&amp;lt;/strong&amp;gt;&amp;lt;/p&amp;gt;&#xA;&amp;lt;p&amp;gt;急速物流，急速送达&amp;lt;/p&amp;gt;" />
  <Ad Id="18" Type="custom" Html="&amp;lt;p&amp;gt;&amp;lt;strong&amp;gt;无忧售后&amp;lt;/strong&amp;gt;&amp;lt;/p&amp;gt;&#xA;&amp;lt;p&amp;gt;15天无理由退换货&amp;lt;/p&amp;gt;" />
  <Ad Id="19" Type="custom" Html="&amp;lt;p&amp;gt;&amp;lt;strong&amp;gt;特色服务&amp;lt;/strong&amp;gt;&amp;lt;/p&amp;gt;&#xA;&amp;lt;p&amp;gt;自助维修保养预约&amp;lt;/p&amp;gt;" />
  <Ad Id="20" Type="custom" Html="&amp;lt;p&amp;gt;&amp;lt;strong&amp;gt;帮助中心&amp;lt;/strong&amp;gt;&amp;lt;/p&amp;gt;&#xA;&amp;lt;p&amp;gt;您的购物指南&amp;lt;/p&amp;gt;" />
  <Ad Id="21" Type="custom" Html="&lt;p&gt;&lt;a href=&quot;https://help.youzan.com/&quot; target=&quot;_self&quot; _href=&quot;https://help.youzan.com/&quot;&gt;&lt;img src=&quot;/templates/master/fangetao/UploadImage/AdvertImg/20150318114611_8984.jpg&quot; alt=&quot;&quot; border=&quot;0&quot;/&gt;&lt;/a&gt;&lt;/p&gt;" />
  <Ad Id="22" Type="custom" Html="&amp;lt;img src=&amp;quot;/templates/master/fangetao/UploadImage/AdvertImg/20150318114638_8060.jpg&amp;quot; alt=&amp;quot;&amp;quot; border=&amp;quot;0&amp;quot; /&amp;gt;" />
  <Ad Id="23" Type="custom" Html="&amp;lt;div style=&amp;quot;background:#fe3f37;text-align:center;&amp;quot;&amp;gt;&#xA;	&amp;lt;img src=&amp;quot;/templates/master/default/UploadImage/AdvertImg/20160331145919_8098.jpg&amp;quot; alt=&amp;quot;&amp;quot; /&amp;gt; &#xA;&amp;lt;/div&amp;gt;" />
  <Ad Id="24" Type="custom" Html="&amp;lt;img src=&amp;quot;/templates/master/fangetao/UploadImage/AdvertImg/20150318114721_5064.jpg&amp;quot; alt=&amp;quot;&amp;quot; border=&amp;quot;0&amp;quot; /&amp;gt;" />
  <Ad Id="25" Type="custom" Html="&amp;lt;img src=&amp;quot;/templates/master/fangetao/UploadImage/AdvertImg/20150318114810_5182.jpg&amp;quot; alt=&amp;quot;&amp;quot; border=&amp;quot;0&amp;quot; /&amp;gt;" />
  <Ad Id="26" Type="custom" Html="&amp;lt;img src=&amp;quot;/templates/master/fangetao/UploadImage/AdvertImg/20150318114826_9572.jpg&amp;quot; alt=&amp;quot;&amp;quot; border=&amp;quot;0&amp;quot; /&amp;gt;" />
  <Ad Id="27" Type="custom" Html="&amp;lt;img src=&amp;quot;/templates/master/fangetao/UploadImage/AdvertImg/20150318114840_3619.jpg&amp;quot; alt=&amp;quot;&amp;quot; border=&amp;quot;0&amp;quot; /&amp;gt;" />
  <Ad Id="28" Type="custom" Html="&amp;lt;img src=&amp;quot;/templates/master/fangetao/UploadImage/AdvertImg/20150318114853_4867.jpg&amp;quot; alt=&amp;quot;&amp;quot; border=&amp;quot;0&amp;quot; /&amp;gt;" />
  <Ad Id="29" Type="custom" Html="&amp;lt;img src=&amp;quot;/templates/master/fangetao/UploadImage/AdvertImg/20150318121909_2705.jpg&amp;quot; alt=&amp;quot;&amp;quot; border=&amp;quot;0&amp;quot; /&amp;gt;" />
  <Ad Id="30" Type="custom" Html="&amp;lt;img src=&amp;quot;/templates/master/fangetao/UploadImage/AdvertImg/20150318170243_7797.jpg&amp;quot; alt=&amp;quot;&amp;quot; border=&amp;quot;0&amp;quot; /&amp;gt;" />
  <Ad Id="31" Type="custom" Html="&amp;lt;img src=&amp;quot;/templates/master/fangetao/UploadImage/AdvertImg/20150318121932_5599.jpg&amp;quot; alt=&amp;quot;&amp;quot; border=&amp;quot;0&amp;quot; /&amp;gt;" />
  <Ad Id="32" Type="custom" Html="&amp;lt;img src=&amp;quot;/templates/master/fangetao/UploadImage/AdvertImg/20150318121947_4147.jpg&amp;quot; alt=&amp;quot;&amp;quot; border=&amp;quot;0&amp;quot; /&amp;gt;" />
  <Ad Id="33" Type="custom" Html="&amp;lt;li&amp;gt;&amp;lt;img src=&amp;quot;/templates/master/fangetao/UploadImage/AdvertImg/20150318121628_0083.jpg&amp;quot; alt=&amp;quot;&amp;quot; border=&amp;quot;0&amp;quot; /&amp;gt;&amp;lt;/li&amp;gt;&#xA;&amp;lt;li&amp;gt;&amp;lt;img src=&amp;quot;/templates/master/fangetao/UploadImage/AdvertImg/20150318121639_1210.jpg&amp;quot; alt=&amp;quot;&amp;quot; border=&amp;quot;0&amp;quot; /&amp;gt;&amp;lt;/li&amp;gt;&#xA;&amp;lt;li&amp;gt;&amp;lt;img src=&amp;quot;/templates/master/fangetao/UploadImage/AdvertImg/20150318121648_4535.jpg&amp;quot; alt=&amp;quot;&amp;quot; border=&amp;quot;0&amp;quot; /&amp;gt;&amp;lt;/li&amp;gt;&#xA;&amp;lt;li&amp;gt;&amp;lt;img src=&amp;quot;/templates/master/fangetao/UploadImage/AdvertImg/20150318121656_7770.jpg&amp;quot; alt=&amp;quot;&amp;quot; border=&amp;quot;0&amp;quot; /&amp;gt;&amp;lt;/li&amp;gt;&#xA;&amp;lt;li&amp;gt;&amp;lt;img src=&amp;quot;/templates/master/fangetao/UploadImage/AdvertImg/20150318121705_3375.jpg&amp;quot; alt=&amp;quot;&amp;quot; border=&amp;quot;0&amp;quot; /&amp;gt;&amp;lt;/li&amp;gt;&#xA;&amp;lt;li&amp;gt;&amp;lt;img src=&amp;quot;/templates/master/fangetao/UploadImage/AdvertImg/20150318121713_4199.jpg&amp;quot; alt=&amp;quot;&amp;quot; border=&amp;quot;0&amp;quot; /&amp;gt;&amp;lt;/li&amp;gt;" />
  <Ad Id="34" Type="custom" Html="&amp;lt;img src=&amp;quot;/templates/master/fangetao/UploadImage/AdvertImg/20150318140035_8877.jpg&amp;quot; alt=&amp;quot;&amp;quot; border=&amp;quot;0&amp;quot; /&amp;gt;" />
  <Ad Id="35" Type="custom" Html="&amp;lt;img src=&amp;quot;/templates/master/fangetao/UploadImage/AdvertImg/20150318140051_9236.jpg&amp;quot; alt=&amp;quot;&amp;quot; border=&amp;quot;0&amp;quot; /&amp;gt;" />
  <Ad Id="36" Type="custom" Html="&amp;lt;img src=&amp;quot;/templates/master/fangetao/UploadImage/AdvertImg/20150318140103_6493.jpg&amp;quot; alt=&amp;quot;&amp;quot; border=&amp;quot;0&amp;quot; /&amp;gt;" />
  <Ad Id="37" Type="custom" Html="&amp;lt;a class=&amp;quot;hot&amp;quot; href=&amp;quot;#&amp;quot;&amp;gt;饮料&amp;lt;/a&amp;gt; &amp;lt;a href=&amp;quot;#&amp;quot;&amp;gt;冲调谷物&amp;lt;/a&amp;gt; &amp;lt;a class=&amp;quot;hot&amp;quot; href=&amp;quot;#&amp;quot;&amp;gt;白酒&amp;lt;/a&amp;gt; &amp;lt;a href=&amp;quot;#&amp;quot;&amp;gt;葡萄酒&amp;lt;/a&amp;gt; &amp;lt;a class=&amp;quot;hot&amp;quot; href=&amp;quot;#&amp;quot;&amp;gt;洋酒&amp;lt;/a&amp;gt; &amp;lt;a href=&amp;quot;#&amp;quot;&amp;gt;茗茶&amp;lt;/a&amp;gt; &amp;lt;a href=&amp;quot;#&amp;quot;&amp;gt;饮用水&amp;lt;/a&amp;gt; &amp;lt;a class=&amp;quot;hot&amp;quot; href=&amp;quot;#&amp;quot;&amp;gt;咖啡&amp;lt;/a&amp;gt; &amp;lt;a href=&amp;quot;#&amp;quot;&amp;gt;茅台&amp;lt;/a&amp;gt; &amp;lt;a href=&amp;quot;#&amp;quot;&amp;gt;啤酒&amp;lt;/a&amp;gt; &amp;lt;a class=&amp;quot;hot&amp;quot; href=&amp;quot;#&amp;quot;&amp;gt;五粮液&amp;lt;/a&amp;gt; &amp;lt;a href=&amp;quot;#&amp;quot;&amp;gt;绿茶&amp;lt;/a&amp;gt; &amp;lt;a class=&amp;quot;hot&amp;quot; href=&amp;quot;#&amp;quot;&amp;gt;果汁&amp;lt;/a&amp;gt; &amp;lt;a href=&amp;quot;#&amp;quot;&amp;gt;蜂蜜&amp;lt;/a&amp;gt; &amp;lt;a href=&amp;quot;#&amp;quot;&amp;gt;花茶&amp;lt;/a&amp;gt;&amp;lt;a class=&amp;quot;hot&amp;quot; href=&amp;quot;#&amp;quot;&amp;gt;豆浆机&amp;lt;/a&amp;gt;&amp;lt;a href=&amp;quot;#&amp;quot;&amp;gt;电烤箱&amp;lt;/a&amp;gt;&amp;lt;a href=&amp;quot;#&amp;quot;&amp;gt;吸尘器&amp;lt;/a&amp;gt;" />
  <Ad Id="38" Type="custom" Html="&amp;lt;a class=&amp;quot;hot&amp;quot; href=&amp;quot;#&amp;quot;&amp;gt;饮料&amp;lt;/a&amp;gt; &amp;lt;a href=&amp;quot;#&amp;quot;&amp;gt;冲调谷物&amp;lt;/a&amp;gt; &amp;lt;a class=&amp;quot;hot&amp;quot; href=&amp;quot;#&amp;quot;&amp;gt;白酒&amp;lt;/a&amp;gt; &amp;lt;a href=&amp;quot;#&amp;quot;&amp;gt;葡萄酒&amp;lt;/a&amp;gt; &amp;lt;a class=&amp;quot;hot&amp;quot; href=&amp;quot;#&amp;quot;&amp;gt;洋酒&amp;lt;/a&amp;gt; &amp;lt;a href=&amp;quot;#&amp;quot;&amp;gt;茗茶&amp;lt;/a&amp;gt; &amp;lt;a href=&amp;quot;#&amp;quot;&amp;gt;饮用水&amp;lt;/a&amp;gt; &amp;lt;a class=&amp;quot;hot&amp;quot; href=&amp;quot;#&amp;quot;&amp;gt;咖啡&amp;lt;/a&amp;gt; &amp;lt;a href=&amp;quot;#&amp;quot;&amp;gt;茅台&amp;lt;/a&amp;gt; &amp;lt;a href=&amp;quot;#&amp;quot;&amp;gt;啤酒&amp;lt;/a&amp;gt; &amp;lt;a class=&amp;quot;hot&amp;quot; href=&amp;quot;#&amp;quot;&amp;gt;五粮液&amp;lt;/a&amp;gt; &amp;lt;a href=&amp;quot;#&amp;quot;&amp;gt;绿茶&amp;lt;/a&amp;gt; &amp;lt;a class=&amp;quot;hot&amp;quot; href=&amp;quot;#&amp;quot;&amp;gt;果汁&amp;lt;/a&amp;gt; &amp;lt;a href=&amp;quot;#&amp;quot;&amp;gt;蜂蜜&amp;lt;/a&amp;gt; &amp;lt;a href=&amp;quot;#&amp;quot;&amp;gt;花茶&amp;lt;/a&amp;gt;&amp;lt;a class=&amp;quot;hot&amp;quot; href=&amp;quot;#&amp;quot;&amp;gt;豆浆机&amp;lt;/a&amp;gt;&amp;lt;a href=&amp;quot;#&amp;quot;&amp;gt;电烤箱&amp;lt;/a&amp;gt;&amp;lt;a href=&amp;quot;#&amp;quot;&amp;gt;吸尘器&amp;lt;/a&amp;gt;" />
  <Ad Id="39" Type="custom" Html="&amp;lt;img src=&amp;quot;/templates/master/fangetao/UploadImage/AdvertImg/20150318140035_8877.jpg&amp;quot; alt=&amp;quot;&amp;quot; border=&amp;quot;0&amp;quot; /&amp;gt;" />
  <Ad Id="40" Type="custom" Html="&amp;lt;img src=&amp;quot;/templates/master/fangetao/UploadImage/AdvertImg/20150318140051_9236.jpg&amp;quot; alt=&amp;quot;&amp;quot; border=&amp;quot;0&amp;quot; /&amp;gt;" />
  <Ad Id="41" Type="custom" Html="&amp;lt;img src=&amp;quot;/templates/master/fangetao/UploadImage/AdvertImg/20150318140103_6493.jpg&amp;quot; alt=&amp;quot;&amp;quot; border=&amp;quot;0&amp;quot; /&amp;gt;" />
  <Ad Id="42" Type="custom" Html="&amp;lt;a class=&amp;quot;hot&amp;quot; href=&amp;quot;#&amp;quot;&amp;gt;饮料&amp;lt;/a&amp;gt; &amp;lt;a href=&amp;quot;#&amp;quot;&amp;gt;冲调谷物&amp;lt;/a&amp;gt; &amp;lt;a class=&amp;quot;hot&amp;quot; href=&amp;quot;#&amp;quot;&amp;gt;白酒&amp;lt;/a&amp;gt; &amp;lt;a href=&amp;quot;#&amp;quot;&amp;gt;葡萄酒&amp;lt;/a&amp;gt; &amp;lt;a class=&amp;quot;hot&amp;quot; href=&amp;quot;#&amp;quot;&amp;gt;洋酒&amp;lt;/a&amp;gt; &amp;lt;a href=&amp;quot;#&amp;quot;&amp;gt;茗茶&amp;lt;/a&amp;gt; &amp;lt;a href=&amp;quot;#&amp;quot;&amp;gt;饮用水&amp;lt;/a&amp;gt; &amp;lt;a class=&amp;quot;hot&amp;quot; href=&amp;quot;#&amp;quot;&amp;gt;咖啡&amp;lt;/a&amp;gt; &amp;lt;a href=&amp;quot;#&amp;quot;&amp;gt;茅台&amp;lt;/a&amp;gt; &amp;lt;a href=&amp;quot;#&amp;quot;&amp;gt;啤酒&amp;lt;/a&amp;gt; &amp;lt;a class=&amp;quot;hot&amp;quot; href=&amp;quot;#&amp;quot;&amp;gt;五粮液&amp;lt;/a&amp;gt; &amp;lt;a href=&amp;quot;#&amp;quot;&amp;gt;绿茶&amp;lt;/a&amp;gt; &amp;lt;a class=&amp;quot;hot&amp;quot; href=&amp;quot;#&amp;quot;&amp;gt;果汁&amp;lt;/a&amp;gt; &amp;lt;a href=&amp;quot;#&amp;quot;&amp;gt;蜂蜜&amp;lt;/a&amp;gt; &amp;lt;a href=&amp;quot;#&amp;quot;&amp;gt;花茶&amp;lt;/a&amp;gt;&amp;lt;a class=&amp;quot;hot&amp;quot; href=&amp;quot;#&amp;quot;&amp;gt;豆浆机&amp;lt;/a&amp;gt;&amp;lt;a href=&amp;quot;#&amp;quot;&amp;gt;电烤箱&amp;lt;/a&amp;gt;&amp;lt;a href=&amp;quot;#&amp;quot;&amp;gt;吸尘器&amp;lt;/a&amp;gt;" />
  <Ad Id="43" Type="custom" Html="&amp;lt;img src=&amp;quot;/templates/master/fangetao/UploadImage/AdvertImg/20150318140035_8877.jpg&amp;quot; alt=&amp;quot;&amp;quot; border=&amp;quot;0&amp;quot; /&amp;gt;" />
  <Ad Id="44" Type="custom" Html="&amp;lt;img src=&amp;quot;/templates/master/fangetao/UploadImage/AdvertImg/20150318140051_9236.jpg&amp;quot; alt=&amp;quot;&amp;quot; border=&amp;quot;0&amp;quot; /&amp;gt;" />
  <Ad Id="45" Type="custom" Html="&amp;lt;img src=&amp;quot;/templates/master/fangetao/UploadImage/AdvertImg/20150318140103_6493.jpg&amp;quot; alt=&amp;quot;&amp;quot; border=&amp;quot;0&amp;quot; /&amp;gt;" />
  <Ad Id="46" Type="custom" Html="&amp;lt;a class=&amp;quot;hot&amp;quot; href=&amp;quot;#&amp;quot;&amp;gt;饮料&amp;lt;/a&amp;gt; &amp;lt;a href=&amp;quot;#&amp;quot;&amp;gt;冲调谷物&amp;lt;/a&amp;gt; &amp;lt;a class=&amp;quot;hot&amp;quot; href=&amp;quot;#&amp;quot;&amp;gt;白酒&amp;lt;/a&amp;gt; &amp;lt;a href=&amp;quot;#&amp;quot;&amp;gt;葡萄酒&amp;lt;/a&amp;gt; &amp;lt;a class=&amp;quot;hot&amp;quot; href=&amp;quot;#&amp;quot;&amp;gt;洋酒&amp;lt;/a&amp;gt; &amp;lt;a href=&amp;quot;#&amp;quot;&amp;gt;茗茶&amp;lt;/a&amp;gt; &amp;lt;a href=&amp;quot;#&amp;quot;&amp;gt;饮用水&amp;lt;/a&amp;gt; &amp;lt;a class=&amp;quot;hot&amp;quot; href=&amp;quot;#&amp;quot;&amp;gt;咖啡&amp;lt;/a&amp;gt; &amp;lt;a href=&amp;quot;#&amp;quot;&amp;gt;茅台&amp;lt;/a&amp;gt; &amp;lt;a href=&amp;quot;#&amp;quot;&amp;gt;啤酒&amp;lt;/a&amp;gt; &amp;lt;a class=&amp;quot;hot&amp;quot; href=&amp;quot;#&amp;quot;&amp;gt;五粮液&amp;lt;/a&amp;gt; &amp;lt;a href=&amp;quot;#&amp;quot;&amp;gt;绿茶&amp;lt;/a&amp;gt; &amp;lt;a class=&amp;quot;hot&amp;quot; href=&amp;quot;#&amp;quot;&amp;gt;果汁&amp;lt;/a&amp;gt; &amp;lt;a href=&amp;quot;#&amp;quot;&amp;gt;蜂蜜&amp;lt;/a&amp;gt; &amp;lt;a href=&amp;quot;#&amp;quot;&amp;gt;花茶&amp;lt;/a&amp;gt;&amp;lt;a class=&amp;quot;hot&amp;quot; href=&amp;quot;#&amp;quot;&amp;gt;豆浆机&amp;lt;/a&amp;gt;&amp;lt;a href=&amp;quot;#&amp;quot;&amp;gt;电烤箱&amp;lt;/a&amp;gt;&amp;lt;a href=&amp;quot;#&amp;quot;&amp;gt;吸尘器&amp;lt;/a&amp;gt;" />
  <Ad Id="47" Type="custom" Html="&amp;lt;img src=&amp;quot;/templates/master/fangetao/UploadImage/AdvertImg/20150318140035_8877.jpg&amp;quot; alt=&amp;quot;&amp;quot; border=&amp;quot;0&amp;quot; /&amp;gt;" />
  <Ad Id="48" Type="custom" Html="&amp;lt;img src=&amp;quot;/templates/master/fangetao/UploadImage/AdvertImg/20150318140051_9236.jpg&amp;quot; alt=&amp;quot;&amp;quot; border=&amp;quot;0&amp;quot; /&amp;gt;" />
  <Ad Id="49" Type="custom" Html="&amp;lt;img src=&amp;quot;/templates/master/fangetao/UploadImage/AdvertImg/20150318140103_6493.jpg&amp;quot; alt=&amp;quot;&amp;quot; border=&amp;quot;0&amp;quot; /&amp;gt;" />
  <Ad Id="50" Type="custom" Html="&amp;lt;a class=&amp;quot;hot&amp;quot; href=&amp;quot;#&amp;quot;&amp;gt;饮料&amp;lt;/a&amp;gt; &amp;lt;a href=&amp;quot;#&amp;quot;&amp;gt;冲调谷物&amp;lt;/a&amp;gt; &amp;lt;a class=&amp;quot;hot&amp;quot; href=&amp;quot;#&amp;quot;&amp;gt;白酒&amp;lt;/a&amp;gt; &amp;lt;a href=&amp;quot;#&amp;quot;&amp;gt;葡萄酒&amp;lt;/a&amp;gt; &amp;lt;a class=&amp;quot;hot&amp;quot; href=&amp;quot;#&amp;quot;&amp;gt;洋酒&amp;lt;/a&amp;gt; &amp;lt;a href=&amp;quot;#&amp;quot;&amp;gt;茗茶&amp;lt;/a&amp;gt; &amp;lt;a href=&amp;quot;#&amp;quot;&amp;gt;饮用水&amp;lt;/a&amp;gt; &amp;lt;a class=&amp;quot;hot&amp;quot; href=&amp;quot;#&amp;quot;&amp;gt;咖啡&amp;lt;/a&amp;gt; &amp;lt;a href=&amp;quot;#&amp;quot;&amp;gt;茅台&amp;lt;/a&amp;gt; &amp;lt;a href=&amp;quot;#&amp;quot;&amp;gt;啤酒&amp;lt;/a&amp;gt; &amp;lt;a class=&amp;quot;hot&amp;quot; href=&amp;quot;#&amp;quot;&amp;gt;五粮液&amp;lt;/a&amp;gt; &amp;lt;a href=&amp;quot;#&amp;quot;&amp;gt;绿茶&amp;lt;/a&amp;gt; &amp;lt;a class=&amp;quot;hot&amp;quot; href=&amp;quot;#&amp;quot;&amp;gt;果汁&amp;lt;/a&amp;gt; &amp;lt;a href=&amp;quot;#&amp;quot;&amp;gt;蜂蜜&amp;lt;/a&amp;gt; &amp;lt;a href=&amp;quot;#&amp;quot;&amp;gt;花茶&amp;lt;/a&amp;gt;&amp;lt;a class=&amp;quot;hot&amp;quot; href=&amp;quot;#&amp;quot;&amp;gt;豆浆机&amp;lt;/a&amp;gt;&amp;lt;a href=&amp;quot;#&amp;quot;&amp;gt;电烤箱&amp;lt;/a&amp;gt;&amp;lt;a href=&amp;quot;#&amp;quot;&amp;gt;吸尘器&amp;lt;/a&amp;gt;" />
  <Ad Id="51" Type="custom" Html="&amp;lt;img src=&amp;quot;/templates/master/fangetao/UploadImage/AdvertImg/20150318140035_8877.jpg&amp;quot; alt=&amp;quot;&amp;quot; border=&amp;quot;0&amp;quot; /&amp;gt;" />
  <Ad Id="52" Type="custom" Html="&amp;lt;img src=&amp;quot;/templates/master/fangetao/UploadImage/AdvertImg/20150318140051_9236.jpg&amp;quot; alt=&amp;quot;&amp;quot; border=&amp;quot;0&amp;quot; /&amp;gt;" />
  <Ad Id="53" Type="custom" Html="&amp;lt;img src=&amp;quot;/templates/master/fangetao/UploadImage/AdvertImg/20150318140103_6493.jpg&amp;quot; alt=&amp;quot;&amp;quot; border=&amp;quot;0&amp;quot; /&amp;gt;" />
  <Ad Id="54" Type="custom" Html="&amp;lt;img src=&amp;quot;/templates/master/fangetao/UploadImage/AdvertImg/20150318163135_6699.jpg&amp;quot; alt=&amp;quot;&amp;quot; border=&amp;quot;0&amp;quot; /&amp;gt;" />
  <Ad Id="55" Type="custom" Html="&amp;lt;img src=&amp;quot;/templates/master/fangetao/UploadImage/AdvertImg/20150318121920_3342.jpg&amp;quot; alt=&amp;quot;&amp;quot; border=&amp;quot;0&amp;quot; /&amp;gt;" />
  <Ad Id="56" Type="custom" Html="&amp;lt;img src=&amp;quot;/templates/master/fangetao/UploadImage/AdvertImg/20150318114707_1176.jpg&amp;quot; alt=&amp;quot;&amp;quot; border=&amp;quot;0&amp;quot; /&amp;gt;" />
  <Ad Id="57" Type="custom" Html="&amp;lt;img src=&amp;quot;/templates/master/fangetao/UploadImage/AdvertImg/20150318114840_3619.jpg&amp;quot; alt=&amp;quot;&amp;quot; border=&amp;quot;0&amp;quot; /&amp;gt;" />
  <Ad Id="58" Type="custom" Html="&amp;lt;img src=&amp;quot;/templates/master/fangetao/UploadImage/AdvertImg/20150318114707_1176.jpg&amp;quot; alt=&amp;quot;&amp;quot; border=&amp;quot;0&amp;quot; /&amp;gt;" />
</root>