﻿<?xml version="1.0" encoding="utf-8"?>
<root>
  <Subject SubjectId="1" Type="floor" Title="精选床品" AdUrl="http://google9.com" TitelUrl="http://sian.com" ImageTitle="/templates/master/default/UploadImage/titleimg/20141215174816_8382.png" IsShowMoreLink="true" AdImage="/templates/master/default/UploadImage/advertimg/20141217180159_6690.png" CategoryId="34" TagId="" BrandId="" MaxNum="4" SubCategoryNum="5" ImageSize="180" ImageSizeRange="160,180" AdImageSize="240*254" TitleImageSize="28*36" SkinName="/hometags/SubjectProduct/Common_SubjectProduct_Floor.html" />
  <Subject SubjectId="2" Type="simple" CategoryId="223" TagId="" BrandId="" TypeId="" AttributeString="" MaxNum="2" ImageSize="100" ImageSizeRange="100" />
  <Subject SubjectId="3" Type="simple" CategoryId="309" TagId="" BrandId="" TypeId="" AttributeString="" MaxNum="2" ImageSize="100" ImageSizeRange="100" />
  <Subject SubjectId="4" Type="simple" CategoryId="303" TagId="" BrandId="" TypeId="" AttributeString="" MaxNum="2" ImageSize="100" ImageSizeRange="100" />
  <Subject SubjectId="5" Type="top" CategoryId="" MaxNum="5" ImageNum="5" IsShowPrice="true" IsShowSaleCounts="false" IsImgShowPrice="true" IsImgShowSaleCounts="false" ImageSize="60" ImageSizeRange="60" SkinName="/hometags/SubjectProduct/Common_SubjectProduct_Top.html" />
  <Subject SubjectId="6" Type="tab" TabTitle1="美食城" TabTitle2="美食城" TabTitle3="美食城" TabTitle4="美食城" TabTitle5="美食城" TabTitle6="" TabTitle7="" TabTitle8="" Where1=",,54" Where2=",," Where3="273,," Where4="70,," Where5="177,," Where6=",," Where7=",," Where8=",," MaxNum="6" ImageSize="160" ImageSizeRange="160" />
  <Subject SubjectId="7" Type="simple" CategoryId="303" TagId="" BrandId="" TypeId="" AttributeString="" MaxNum="8" ImageSize="160" ImageSizeRange="160" />
  <Subject SubjectId="8" Type="simple" CategoryId="303" TagId="" BrandId="" TypeId="" AttributeString="" MaxNum="8" ImageSize="160" ImageSizeRange="160" />
  <Subject SubjectId="9" Type="simple" CategoryId="303" TagId="" BrandId="" TypeId="" AttributeString="" MaxNum="8" ImageSize="160" ImageSizeRange="160" />
  <Subject SubjectId="10" Type="simple" CategoryId="303" TagId="" BrandId="" TypeId="" AttributeString="" MaxNum="8" ImageSize="160" ImageSizeRange="160" />
  <!-- Fangetao Begin -->
  <Subject SubjectId="11" Type="simple" CategoryId="13" TagId="" BrandId="" TypeId="" AttributeString="" MaxNum="6" ImageSize="160" ImageSizeRange="160"  />
  <Subject SubjectId="12" Type="simple" CategoryId="13" TagId="" BrandId="" TypeId="" AttributeString="" MaxNum="6" ImageSize="160" ImageSizeRange="160" />
  <Subject SubjectId="13" Type="simple" CategoryId="13" TagId="" BrandId="" TypeId="" AttributeString="" MaxNum="6" ImageSize="160" ImageSizeRange="160" />
  <Subject SubjectId="14" Type="simple" CategoryId="13" TagId="" BrandId="" TypeId="" AttributeString="" MaxNum="6" ImageSize="160" ImageSizeRange="160" />
  <Subject SubjectId="15" Type="simple" CategoryId="13" TagId="" BrandId="" TypeId="" AttributeString="" MaxNum="6" ImageSize="160" ImageSizeRange="160" />
  <Subject SubjectId="17" Type="top" CategoryId="" MaxNum="5" ImageNum="5" IsShowPrice="false" IsShowSaleCounts="false" IsImgShowPrice="true" IsImgShowSaleCounts="false" ImageSize="60" ImageSizeRange="60" SkinName="/hometags/SubjectProduct/Common_SubjectProduct_Top2.html" />
  <Subject SubjectId="18" Type="simple" CategoryId="20" TagId="" BrandId="" TypeId="" AttributeString="" MaxNum="4" ImageSize="160" ImageSizeRange="100,160" SkinName="/hometags/SubjectProduct/subjectsimp.html" />
  <Subject SubjectId="19" Type="simple" CategoryId="20" TagId="" BrandId="" TypeId="" AttributeString="" MaxNum="4" ImageSize="160" ImageSizeRange="100,160" SkinName="/hometags/SubjectProduct/subjectsimp.html" />
</root>