﻿<?xml version="1.0" encoding="utf-8"?>
<root>
  <Subject SubjectId="1" Type="simple" CategoryId="223" TagId="" BrandId="" TypeId="" AttributeString="" MaxNum="6" ImageSize="100" ImageSizeRange="100" />
  <Subject SubjectId="2" Type="tab" TabTitle1="母婴产品" TabTitle2="家具建材" TabTitle3="汽车用品" TabTitle4="家具建材" TabTitle5="服装配饰" TabTitle6="" TabTitle7="" TabTitle8="" Where1=",,54" Where2=",," Where3="273,," Where4="70,," Where5="177,," Where6=",," Where7=",," Where8=",," MaxNum="10" ImageSize="100" ImageSizeRange="100" />
  <Subject SubjectId="3" Type="top" CategoryId="" MaxNum="6" ImageNum="1" IsShowPrice="false" IsShowSaleCounts="false" IsImgShowPrice="true" IsImgShowSaleCounts="false" ImageSize="60" ImageSizeRange="60" SkinName="HomeTags/SubjectProduct/Common_SubjectProduct_Top.html" />
  <Subject SubjectId="4" Type="tab" TabTitle1="母婴产品" TabTitle2="家具建材" TabTitle3="汽车用品" TabTitle4="家具建材" TabTitle5="服装配饰" TabTitle6="" TabTitle7="" TabTitle8="" Where1=",,54" Where2=",," Where3="273,," Where4="70,," Where5="177,," Where6=",," Where7=",," Where8=",," MaxNum="10" ImageSize="100" ImageSizeRange="100" />
  <Subject SubjectId="5" Type="top" CategoryId="" MaxNum="6" ImageNum="1" IsShowPrice="false" IsShowSaleCounts="false" IsImgShowPrice="true" IsImgShowSaleCounts="false" ImageSize="60" ImageSizeRange="60" SkinName="HomeTags/SubjectProduct/Common_SubjectProduct_Top.html" />
   <Subject SubjectId="6" Type="tab" TabTitle1="母婴产品" TabTitle2="家具建材" TabTitle3="汽车用品" TabTitle4="家具建材" TabTitle5="服装配饰" TabTitle6="" TabTitle7="" TabTitle8="" Where1=",,54" Where2=",," Where3="273,," Where4="70,," Where5="177,," Where6=",," Where7=",," Where8=",," MaxNum="10" ImageSize="100" ImageSizeRange="100" />
  <Subject SubjectId="7" Type="top" CategoryId="" MaxNum="6" ImageNum="1" IsShowPrice="false" IsShowSaleCounts="false" IsImgShowPrice="true" IsImgShowSaleCounts="false" ImageSize="60" ImageSizeRange="60" SkinName="HomeTags/SubjectProduct/Common_SubjectProduct_Top.html" />
  <Subject SubjectId="8" Type="tab" TabTitle1="母婴产品" TabTitle2="家具建材" TabTitle3="汽车用品" TabTitle4="家具建材" TabTitle5="服装配饰" TabTitle6="" TabTitle7="" TabTitle8="" Where1=",,54" Where2=",," Where3="273,," Where4="70,," Where5="177,," Where6=",," Where7=",," Where8=",," MaxNum="10" ImageSize="100" ImageSizeRange="100" />
  <Subject SubjectId="9" Type="top" CategoryId="" MaxNum="6" ImageNum="1" IsShowPrice="false" IsShowSaleCounts="false" IsImgShowPrice="true" IsImgShowSaleCounts="false" ImageSize="60" ImageSizeRange="60" SkinName="HomeTags/SubjectProduct/Common_SubjectProduct_Top.html" />
   <Subject SubjectId="10" Type="tab" TabTitle1="母婴产品" TabTitle2="家具建材" TabTitle3="汽车用品" TabTitle4="家具建材" TabTitle5="服装配饰" TabTitle6="" TabTitle7="" TabTitle8="" Where1=",,54" Where2=",," Where3="273,," Where4="70,," Where5="177,," Where6=",," Where7=",," Where8=",," MaxNum="10" ImageSize="100" ImageSizeRange="100" />
  <Subject SubjectId="11" Type="top" CategoryId="" MaxNum="6" ImageNum="1" IsShowPrice="false" IsShowSaleCounts="false" IsImgShowPrice="true" IsImgShowSaleCounts="false" ImageSize="60" ImageSizeRange="60" SkinName="HomeTags/SubjectProduct/Common_SubjectProduct_Top.html" />
    <Subject SubjectId="17" Type="top" CategoryId="" MaxNum="5" ImageNum="5" IsShowPrice="false" IsShowSaleCounts="false" IsImgShowPrice="true" IsImgShowSaleCounts="false" ImageSize="160" ImageSizeRange="60" SkinName="HomeTags/SubjectProduct/Common_SubjectProduct_Top2.html" />
</root>