﻿<?xml version="1.0" encoding="utf-8"?>
<root>
  <Ad Id="2" Type="image" Image="/templates/master/blue/UploadImage/advertimg/20140318192751_4967.jpg" Url="" AdImageSize="134*28" />
  <Ad Id="3" Type="slide" Image1="/templates/master/fjmt/images/blue/lunbo.jpg" Image2="/templates/master/fjmt/images/blue/lunbo.jpg" Image3="/templates/master/fjmt/images/blue/lunbo.jpg" Image4="" Image5="" Image6="" Image7="" Image8="" Image9="" Image10="" Url1="" Url2="" Url3="" Url4="" Url5="" Url6="" Url7="" Url8="" Url9="" Url10="" AdImageSize="1920*400" />
  <Ad Id="4" Type="image" Image="/templates/master/blue/UploadImage/advertimg/20140320193817_3368.jpg" Url="" AdImageSize="322*204" />
  <Ad Id="5" Type="image" Image="/templates/master/blue/UploadImage/advertimg/20140320193817_3368.jpg" Url="" AdImageSize="322*204" />
  <Ad Id="6" Type="image" Image="/templates/master/blue/UploadImage/advertimg/20140320193817_3368.jpg" Url="" AdImageSize="322*204" />
  <Ad Id="7" Type="image" Image="/templates/master/blue/UploadImage/advertimg/20140320223335_6664.jpg" Url="" AdImageSize="1200*90" />
  <Ad Id="8" Type="image" Image="/templates/master/blue/UploadImage/advertimg/20140323155818_5489.jpg" Url="" AdImageSize="204*276" />
  <Ad Id="9" Type="custom" Html="&amp;lt;img src=&amp;quot;/templates/master/blue/UploadImage/AdvertImg/20140323161210_7165.jpg&amp;quot; alt=&amp;quot;&amp;quot; border=&amp;quot;0&amp;quot; /&amp;gt;&amp;lt;img src=&amp;quot;/templates/master/blue/UploadImage/AdvertImg/20140323161217_1728.jpg&amp;quot; alt=&amp;quot;&amp;quot; border=&amp;quot;0&amp;quot; /&amp;gt;&amp;lt;img src=&amp;quot;/templates/master/blue/UploadImage/AdvertImg/20140323161222_7912.jpg&amp;quot; alt=&amp;quot;&amp;quot; border=&amp;quot;0&amp;quot; /&amp;gt;&amp;lt;img src=&amp;quot;/templates/master/blue/UploadImage/AdvertImg/20140323161228_9365.jpg&amp;quot; alt=&amp;quot;&amp;quot; border=&amp;quot;0&amp;quot; /&amp;gt;" />
  <Ad Id="10" Type="image" Image="/templates/master/blue/UploadImage/advertimg/20140323155818_5489.jpg" Url="" AdImageSize="204*276" />
  <Ad Id="11" Type="custom" Html="&amp;lt;img src=&amp;quot;/templates/master/blue/UploadImage/AdvertImg/20140323161210_7165.jpg&amp;quot; alt=&amp;quot;&amp;quot; border=&amp;quot;0&amp;quot; /&amp;gt;&amp;lt;img src=&amp;quot;/templates/master/blue/UploadImage/AdvertImg/20140323161217_1728.jpg&amp;quot; alt=&amp;quot;&amp;quot; border=&amp;quot;0&amp;quot; /&amp;gt;&amp;lt;img src=&amp;quot;/templates/master/blue/UploadImage/AdvertImg/20140323161222_7912.jpg&amp;quot; alt=&amp;quot;&amp;quot; border=&amp;quot;0&amp;quot; /&amp;gt;&amp;lt;img src=&amp;quot;/templates/master/blue/UploadImage/AdvertImg/20140323161228_9365.jpg&amp;quot; alt=&amp;quot;&amp;quot; border=&amp;quot;0&amp;quot; /&amp;gt;" />
  <Ad Id="12" Type="image" Image="/templates/master/blue/UploadImage/advertimg/20140323155818_5489.jpg" Url="" AdImageSize="204*276" />
  <Ad Id="13" Type="custom" Html="&amp;lt;img src=&amp;quot;/templates/master/blue/UploadImage/AdvertImg/20140323161210_7165.jpg&amp;quot; alt=&amp;quot;&amp;quot; border=&amp;quot;0&amp;quot; /&amp;gt;&amp;lt;img src=&amp;quot;/templates/master/blue/UploadImage/AdvertImg/20140323161217_1728.jpg&amp;quot; alt=&amp;quot;&amp;quot; border=&amp;quot;0&amp;quot; /&amp;gt;&amp;lt;img src=&amp;quot;/templates/master/blue/UploadImage/AdvertImg/20140323161222_7912.jpg&amp;quot; alt=&amp;quot;&amp;quot; border=&amp;quot;0&amp;quot; /&amp;gt;&amp;lt;img src=&amp;quot;/templates/master/blue/UploadImage/AdvertImg/20140323161228_9365.jpg&amp;quot; alt=&amp;quot;&amp;quot; border=&amp;quot;0&amp;quot; /&amp;gt;" />
  <Ad Id="14" Type="image" Image="/templates/master/blue/UploadImage/advertimg/20140323155818_5489.jpg" Url="" AdImageSize="204*276" />
  <Ad Id="15" Type="custom" Html="&amp;lt;img src=&amp;quot;/templates/master/blue/UploadImage/AdvertImg/20140323161210_7165.jpg&amp;quot; alt=&amp;quot;&amp;quot; border=&amp;quot;0&amp;quot; /&amp;gt;&amp;lt;img src=&amp;quot;/templates/master/blue/UploadImage/AdvertImg/20140323161217_1728.jpg&amp;quot; alt=&amp;quot;&amp;quot; border=&amp;quot;0&amp;quot; /&amp;gt;&amp;lt;img src=&amp;quot;/templates/master/blue/UploadImage/AdvertImg/20140323161222_7912.jpg&amp;quot; alt=&amp;quot;&amp;quot; border=&amp;quot;0&amp;quot; /&amp;gt;&amp;lt;img src=&amp;quot;/templates/master/blue/UploadImage/AdvertImg/20140323161228_9365.jpg&amp;quot; alt=&amp;quot;&amp;quot; border=&amp;quot;0&amp;quot; /&amp;gt;" />
  <Ad Id="16" Type="image" Image="/templates/master/blue/UploadImage/advertimg/20140323200703_3265.jpg" Url="" AdImageSize="204*276" />
  <Ad Id="498" Type="custom" Html="&amp;lt;img src=&amp;quot;/templates/master/blue/UploadImage/AdvertImg/20140324194241_6398.jpg&amp;quot; alt=&amp;quot;&amp;quot; border=&amp;quot;0&amp;quot; /&amp;gt;" />
  <Ad Id="499" Type="custom" Html="&amp;lt;img src=&amp;quot;/templates/master/blue/UploadImage/AdvertImg/20140324194241_6398.jpg&amp;quot; alt=&amp;quot;&amp;quot; border=&amp;quot;0&amp;quot; /&amp;gt;" />
  <Ad Id="500" Type="image" Image="/templates/master/blue/UploadImage/advertimg/20140323210347_0322.jpg" Url="" AdImageSize="204*276" />
  <!-- Blue Begin -->
  <Ad Id="17" Type="image" Image="/templates/master/fjmt/UploadImage/advertimg/20141225212127_7360.jpg" Url="" AdImageSize="220*57" />
  <Ad Id="18" Type="custom" Html="&amp;lt;a href=&amp;quot;#&amp;quot;&amp;gt;收藏商城&amp;lt;/a&amp;gt;" />
  <Ad Id="19" Type="image" Image="/templates/master/blue/UploadImage/advertimg/gg01.jpg" Url="" AdImageSize="1200*90" />
  <Ad Id="20" Type="image" Image="/templates/master/blue/UploadImage/advertimg/gg02.jpg" Url="" AdImageSize="1200*90" />
  <Ad Id="21" Type="image" Image="/templates/master/fjmt/UploadImage/advertimg/20160607154009_2256.jpg" Url="" AdImageSize="1200*90" />
  <Ad Id="22" Type="image" Image="/templates/master/fjmt/UploadImage/advertimg/20141227164631_3230.jpg" Url="" AdImageSize="1200*137" />
  <Ad Id="23" Type="custom" Html="&amp;lt;div style=&amp;quot;background:#fe3f37;text-align:center;&amp;quot;&amp;gt;&#xA;	&amp;lt;img src=&amp;quot;/templates/master/default/UploadImage/AdvertImg/20160331145919_8098.jpg&amp;quot; alt=&amp;quot;&amp;quot; /&amp;gt; &#xA;&amp;lt;/div&amp;gt;" />
  <Ad Id="24" Type="image" Image="/templates/master/fjmt/UploadImage/advertimg/20141227162412_1174.jpg" Url="" AdImageSize="375*303" />
  <Ad Id="25" Type="image" Image="/templates/master/fjmt/UploadImage/advertimg/20141227162412_1174.jpg" Url="" AdImageSize="375*303" />
  <Ad Id="26" Type="image" Image="/templates/master/fjmt/UploadImage/advertimg/20141227162412_1174.jpg" Url="" AdImageSize="375*303" />
  <Ad Id="27" Type="image" Image="/templates/master/blue/UploadImage/advertimg/03.jpg" Url="" AdImageSize="200*463" />
  <Ad Id="28" Type="image" Image="/templates/master/fjmt/UploadImage/advertimg/20141227132129_0104.jpg" Url="" AdImageSize="360*104" />
  <Ad Id="29" Type="image" Image="/templates/master/fjmt/UploadImage/advertimg/20141227154440_4338.jpg" Url="" AdImageSize="1200*119" />
  <Ad Id="30" Type="image" Image="/templates/master/blue/UploadImage/advertimg/08.jpg" Url="" AdImageSize="199*150" />
  <Ad Id="31" Type="image" Image="/templates/master/blue/UploadImage/advertimg/09.jpg" Url="" AdImageSize="199*150" />
  <Ad Id="32" Type="custom" Html="&amp;lt;ul&amp;gt;&#xA;&amp;lt;li&amp;gt;&amp;lt;img src=&amp;quot;/templates/master/blue/images/blue/vocie.jpg&amp;quot; /&amp;gt;促销活动&amp;lt;/li&amp;gt;&#xA;&amp;lt;li&amp;gt;&amp;lt;a href=&amp;quot;#&amp;quot;&amp;gt;名鞋库专营店全场一折起&amp;lt;/a&amp;gt;&amp;lt;/li&amp;gt;&#xA;&amp;lt;li&amp;gt;&amp;lt;a href=&amp;quot;#&amp;quot;&amp;gt;世界杯车品也疯狂&amp;lt;/a&amp;gt;&amp;lt;/li&amp;gt;&#xA;&amp;lt;/ul&amp;gt;" />
  <Ad Id="33" Type="custom" Html="&amp;lt;ul&amp;gt;&#xA;&amp;lt;li&amp;gt;&amp;lt;img src=&amp;quot;/templates/master/blue/images/blue/vocie.jpg&amp;quot; /&amp;gt;促销活动&amp;lt;/li&amp;gt;&#xA;&amp;lt;li&amp;gt;&amp;lt;a href=&amp;quot;#&amp;quot;&amp;gt;名鞋库专营店全场一折起&amp;lt;/a&amp;gt;&amp;lt;/li&amp;gt;&#xA;&amp;lt;li&amp;gt;&amp;lt;a href=&amp;quot;#&amp;quot;&amp;gt;世界杯车品也疯狂&amp;lt;/a&amp;gt;&amp;lt;/li&amp;gt;&#xA;&amp;lt;/ul&amp;gt;" />
  <Ad Id="34" Type="custom" Html="&amp;lt;ul&amp;gt;&#xA;&amp;lt;li&amp;gt;&amp;lt;img src=&amp;quot;/templates/master/blue/images/blue/vocie.jpg&amp;quot; /&amp;gt;促销活动&amp;lt;/li&amp;gt;&#xA;&amp;lt;li&amp;gt;&amp;lt;a href=&amp;quot;#&amp;quot;&amp;gt;名鞋库专营店全场一折起&amp;lt;/a&amp;gt;&amp;lt;/li&amp;gt;&#xA;&amp;lt;li&amp;gt;&amp;lt;a href=&amp;quot;#&amp;quot;&amp;gt;世界杯车品也疯狂&amp;lt;/a&amp;gt;&amp;lt;/li&amp;gt;&#xA;&amp;lt;/ul&amp;gt;" />
  <Ad Id="35" Type="custom" Html="&amp;lt;ul&amp;gt;&#xA;&amp;lt;li&amp;gt;&amp;lt;img src=&amp;quot;/templates/master/blue/images/blue/vocie.jpg&amp;quot; /&amp;gt;促销活动&amp;lt;/li&amp;gt;&#xA;&amp;lt;li&amp;gt;&amp;lt;a href=&amp;quot;#&amp;quot;&amp;gt;名鞋库专营店全场一折起&amp;lt;/a&amp;gt;&amp;lt;/li&amp;gt;&#xA;&amp;lt;li&amp;gt;&amp;lt;a href=&amp;quot;#&amp;quot;&amp;gt;世界杯车品也疯狂&amp;lt;/a&amp;gt;&amp;lt;/li&amp;gt;&#xA;&amp;lt;/ul&amp;gt;" />
  <Ad Id="36" Type="image" Image="/templates/master/blue/UploadImage/advertimg/16.jpg" Url="" AdImageSize="189*180" />
  <Ad Id="37" Type="image" Image="/templates/master/blue/UploadImage/advertimg/16.jpg" Url="" AdImageSize="189*180" />
  <Ad Id="38" Type="image" Image="/templates/master/blue/UploadImage/advertimg/16.jpg" Url="" AdImageSize="189*180" />
  <Ad Id="39" Type="image" Image="/templates/master/blue/UploadImage/advertimg/16.jpg" Url="" AdImageSize="189*180" />
  <Ad Id="40" Type="image" Image="/templates/master/blue/UploadImage/advertimg/10.jpg" Url="" AdImageSize="210*104" />
  <Ad Id="41" Type="image" Image="/templates/master/blue/UploadImage/advertimg/13.jpg" Url="" AdImageSize="375*406" />
  <Ad Id="42" Type="custom" Html="&amp;lt;img src=&amp;quot;/templates/master/fjmt/UploadImage/AdvertImg/20141228143133_7283.jpg&amp;quot; title=&amp;quot;fjmt_73&amp;quot; alt=&amp;quot;fjmt_73&amp;quot; border=&amp;quot;0&amp;quot; /&amp;gt;" />
  <Ad Id="43" Type="image" Image="/templates/master/blue/UploadImage/advertimg/15.jpg" Url="" AdImageSize="359*202" />
  <Ad Id="44" Type="image" Image="/templates/master/blue/UploadImage/advertimg/12.jpg" Url="" AdImageSize="1200*120" />
  <Ad Id="45" Type="custom" Html="&amp;lt;p&amp;gt;&#xA;&amp;lt;span&amp;gt;&amp;lt;a hrf=&amp;quot;#&amp;quot;&amp;gt;易迅简介&amp;lt;/a&amp;gt;&amp;lt;/span&amp;gt; &amp;lt;span&amp;gt;|&amp;lt;/span&amp;gt; &amp;lt;span&amp;gt;&amp;lt;a hrf=&amp;quot;#&amp;quot;&amp;gt;易迅公告&amp;lt;/a&amp;gt;&amp;lt;/span&amp;gt; &amp;lt;span&amp;gt;|&amp;lt;/span&amp;gt; &amp;lt;span&amp;gt;&amp;lt;a hrf=&amp;quot;#&amp;quot;&amp;gt;招纳贤士&amp;lt;/a&amp;gt;&amp;lt;/span&amp;gt; &amp;lt;span&amp;gt;|&amp;lt;/span&amp;gt; &amp;lt;span&amp;gt;&amp;lt;a hrf=&amp;quot;#&amp;quot;&amp;gt;联系我们&amp;lt;/a&amp;gt;&amp;lt;/span&amp;gt; &amp;lt;span&amp;gt;|&amp;lt;/span&amp;gt;   &amp;lt;/p&amp;gt;" />
  <Ad Id="46" Type="image" Image="/templates/master/blue/UploadImage/advertimg/f1.jpg" Url="" AdImageSize="242*78" />
  <Ad Id="47" Type="image" Image="/templates/master/blue/UploadImage/advertimg/f2.jpg" Url="" AdImageSize="278*78" />
  <Ad Id="48" Type="image" Image="/templates/master/blue/UploadImage/advertimg/f3.jpg" Url="" AdImageSize="278*78" />
  <Ad Id="49" Type="image" Image="/templates/master/blue/UploadImage/advertimg/f4.jpg" Url="" AdImageSize="169*78" />
  <Ad Id="50" Type="custom" Html="&amp;lt;div id=&amp;quot;wrap2&amp;quot; class=&amp;quot;box2&amp;quot;&amp;gt;&#xA;&amp;lt;ul&amp;gt;&#xA;&amp;lt;li&amp;gt;&amp;lt;a href=&amp;quot;#&amp;quot;&amp;gt;&amp;lt;img src=&amp;quot;/templates/master/blue/images/temp/11.jpg&amp;quot; /&amp;gt;&amp;lt;/a&amp;gt;&amp;lt;/li&amp;gt;&#xA;&amp;lt;li&amp;gt;&amp;lt;a href=&amp;quot;#&amp;quot;&amp;gt;&amp;lt;img src=&amp;quot;/templates/master/blue/images/temp/11.jpg&amp;quot; /&amp;gt;&amp;lt;/a&amp;gt;&amp;lt;/li&amp;gt;&#xA;&amp;lt;li&amp;gt;&amp;lt;a href=&amp;quot;#&amp;quot;&amp;gt;&amp;lt;img src=&amp;quot;/templates/master/blue/images/temp/11.jpg&amp;quot; /&amp;gt;&amp;lt;/a&amp;gt;&amp;lt;/li&amp;gt;&#xA;&amp;lt;li&amp;gt;&amp;lt;a href=&amp;quot;#&amp;quot;&amp;gt;&amp;lt;img src=&amp;quot;/templates/master/blue/images/temp/11.jpg&amp;quot; /&amp;gt;&amp;lt;/a&amp;gt;&amp;lt;/li&amp;gt;&#xA;&amp;lt;li&amp;gt;&amp;lt;a href=&amp;quot;#&amp;quot;&amp;gt;&amp;lt;img src=&amp;quot;/templates/master/blue/images/temp/11.jpg&amp;quot; /&amp;gt;&amp;lt;/a&amp;gt;&amp;lt;/li&amp;gt;&#xA;&amp;lt;li&amp;gt;&amp;lt;a href=&amp;quot;#&amp;quot;&amp;gt;&amp;lt;img src=&amp;quot;/templates/master/blue/images/temp/11.jpg&amp;quot; /&amp;gt;&amp;lt;/a&amp;gt;&amp;lt;/li&amp;gt;&#xA;&amp;lt;li&amp;gt;&amp;lt;a href=&amp;quot;#&amp;quot;&amp;gt;&amp;lt;img src=&amp;quot;/templates/master/blue/images/temp/11.jpg&amp;quot; /&amp;gt;&amp;lt;/a&amp;gt;&amp;lt;/li&amp;gt;&#xA;&amp;lt;/ul&amp;gt;&#xA;&amp;lt;/div&amp;gt;&#xA;&amp;lt;!-- end box2 --&amp;gt;&amp;lt;div id=&amp;quot;prev2&amp;quot;&amp;gt;&amp;lt;img src=&amp;quot;/templates/master/blue/images/blue/prev.jpg&amp;quot; /&amp;gt;&amp;lt;/div&amp;gt;&#xA;&amp;lt;div id=&amp;quot;next2&amp;quot;&amp;gt;&amp;lt;img src=&amp;quot;/templates/master/blue/images/blue/next.jpg&amp;quot; /&amp;gt;&amp;lt;/div&amp;gt;" />
  <Ad Id="51" Type="image" Image="/templates/master/fjmt/UploadImage/advertimg/20160607154009_2256.jpg" Url="" AdImageSize="1200*90" />
  <Ad Id="52" Type="image" Image="/templates/master/fjmt/UploadImage/advertimg/20160607154009_2256.jpg" Url="" AdImageSize="1200*90" />
  <Ad Id="53" Type="image" Image="/templates/master/fjmt/UploadImage/advertimg/20141227162412_1174.jpg" Url="" AdImageSize="375*303" />
</root>