﻿<?xml version="1.0" encoding="utf-8"?>
<root>
  <Comment Id="1" Type="keyword" CategoryId="" MaxNum="8" />
  <Comment Id="2" Type="brand" CategoryId="" IsShowLogo="true" IsShowTitle="true" MaxNum="12" ImageSize="100*44" />
  <Comment Id="3" Type="title" Title="珠宝手表" ImageTitle="/templates/master/kuanping221/UploadImage/titleimg/20140323152551_4695.jpg" TitleImageSize="28*36" />
  <Comment Id="4" Type="keyword" CategoryId="" MaxNum="8" />
  <Comment Id="5" Type="morelink" Title="更多" CategoryId="309" />
  <Comment Id="6" Type="category" CategoryId="309" MaxNum="18" />
  <Comment Id="7" Type="title" Title="生活用品" ImageTitle="/templates/master/kuanping221/UploadImage/titleimg/20140323172016_5562.jpg" TitleImageSize="28*36" />
  <Comment Id="8" Type="keyword" CategoryId="" MaxNum="8" />
  <Comment Id="9" Type="morelink" Title="查看更多" CategoryId="309" />
  <Comment Id="10" Type="category" CategoryId="37" MaxNum="18" />
  <Comment Id="11" Type="title" Title="生活用品" ImageTitle="/templates/master/kuanping221/UploadImage/titleimg/20140323172041_8656.jpg" TitleImageSize="28*36" />
  <Comment Id="12" Type="keyword" CategoryId="" MaxNum="8" />
  <Comment Id="13" Type="morelink" Title="查看更多" CategoryId="309" />
  <Comment Id="14" Type="category" CategoryId="37" MaxNum="18" />
  <Comment Id="15" Type="title" Title="生活用品" ImageTitle="/templates/master/kuanping221/UploadImage/titleimg/20140323172055_5624.jpg" TitleImageSize="28*36" />
  <Comment Id="16" Type="keyword" CategoryId="" MaxNum="8" />
  <Comment Id="17" Type="morelink" Title="查看更多" CategoryId="309" />
  <Comment Id="18" Type="category" CategoryId="37" MaxNum="18" />
  <Comment Id="30" Type="brand" CategoryId="" IsShowLogo="true" IsShowTitle="true" MaxNum="4" ImageSize="118*40" />
  <!--<Comment Id="1" Type="article" Title="时尚资讯" ImageTitle="" AdImage="/templates/master/default/UploadImage/advertimg/20130911162752_6589.jpg" CategoryId="8" MaxNum="4" TitleImageSize="200*15" AdImageSize="150*98" />
 

  <Comment Id="5" Type="brand" CategoryId="37" IsShowLogo="true" IsShowTitle="true" MaxNum="10" ImageSize="88*30" />
  <Comment Id="6" Type="brand" CategoryId="" IsShowLogo="true" IsShowTitle="true" MaxNum="10" ImageSize="86*29" />
  <Comment Id="7" Type="attribute" CategoryId="309" MaxNum="5" />
  <Comment Id="8" Type="title" Title="美食特产" ImageTitle="/templates/master/default/UploadImage/titleimg/20130911105735_6802.jpg" TitleImageSize="200*150" />
  <Comment Id="10" Type="title" Title="数码电器" ImageTitle="/templates/master/default/UploadImage/titleimg/20130911105735_6802.jpg" TitleImageSize="28*36" />
  <Comment Id="11" Type="category" CategoryId="37" MaxNum="5" />
  <Comment Id="13" Type="title" Title="汽车/配件" ImageTitle="/templates/master/default/UploadImage/titleimg/20130911105735_6802.jpg" TitleImageSize="28*36" />
  <Comment Id="14" Type="morelink" Title="更多" CategoryId="273" />
  <Comment Id="15" Type="keyword" CategoryId="70" MaxNum="10" />
  <Comment Id="16" Type="category" CategoryId="50" MaxNum="8" />
  <Comment Id="17" Type="brand" CategoryId="" IsShowLogo="true" IsShowTitle="true" MaxNum="10" ImageSize="86*29" />
  <Comment Id="18" Type="brand" CategoryId="" IsShowLogo="true" IsShowTitle="false" MaxNum="10" ImageSize="88*30" />
  <Comment Id="19" Type="brand" CategoryId="" IsShowLogo="true" IsShowTitle="false" MaxNum="50" ImageSize="88*30" />
  <Comment Id="20" Type="category" CategoryId="77" MaxNum="8" />
  <Comment Id="21" Type="category" CategoryId="226" MaxNum="8" />
  <Comment Id="22" Type="category" CategoryId="274" MaxNum="8" />
  <Comment Id="23" Type="category" CategoryId="37" MaxNum="8" />-->
</root>