﻿<?xml version="1.0" encoding="utf-8"?>
<root>
  <Ad Id="1" Type="image" Image="/templates/master/ftianmao/images/temp/t3.jpg" Url="" AdImageSize="1200*40" />
  <Ad Id="2" Type="slide" Image1="/templates/master/ftianmao/images/temp/bannerpic.jpg" Image2="/templates/master/ftianmao/images/temp/bannerpic.jpg" Image3="/templates/master/ftianmao/images/temp/bannerpic.jpg" Image4="" Image5="" Image6="" Image7="" Image8="" Image9="" Image10="" Url1="" Url2="" Url3="" Url4="" Url5="" Url6="" Url7="" Url8="" Url9="" Url10="" AdImageSize="1920*479" />
  <Ad Id="3" Type="image" Image="/templates/master/default/UploadImage/advertimg/ad-03.jpg" Url="" AdImageSize="239*160" />
  <Ad Id="4" Type="image" Image="/templates/master/ftianmao/images/temp/t4.jpg" Url="" AdImageSize="166*69" />
  <Ad Id="5" Type="image" Image="/templates/master/default/UploadImage/advertimg/ad-05.jpg" Url="" AdImageSize="239*160" />
  <Ad Id="6" Type="image" Image="/templates/master/default/UploadImage/advertimg/ad-06.jpg" Url="" AdImageSize="239*160" />
  <Ad Id="7" Type="image" Image="/templates/master/default/UploadImage/advertimg/ad-07.jpg" Url="" AdImageSize="239*160" />
  <Ad Id="8" Type="image" Image="/templates/master/default/UploadImage/advertimg/ad-08.jpg" Url="" AdImageSize="1200*100" />
  <Ad Id="9" Type="custom" Html="&amp;lt;div class=&amp;quot;bshare-custom&amp;quot;&amp;gt;&amp;lt;a class=&amp;quot;bshare-qzone&amp;quot; title=&amp;quot;分享到QQ空间&amp;quot;&amp;gt;&amp;lt;/a&amp;gt;&amp;lt;a class=&amp;quot;bshare-sinaminiblog&amp;quot; title=&amp;quot;分享到新浪微博&amp;quot;&amp;gt;&amp;lt;/a&amp;gt;&amp;lt;a class=&amp;quot;bshare-qqmb&amp;quot; title=&amp;quot;分享到腾讯微博&amp;quot;&amp;gt;&amp;lt;/a&amp;gt;&amp;lt;/div&amp;gt;&#xA;&amp;lt;script type=&amp;quot;text/javascript&amp;quot; charset=&amp;quot;utf-8&amp;quot; src=&amp;quot;http://static.bshare.cn/b/buttonLite.js#style=-1&amp;amp;amp;uuid=&amp;amp;amp;pophcol=2&amp;amp;amp;lang=zh&amp;quot;&amp;gt;&amp;lt;/script&amp;gt;&#xA;&amp;lt;script type=&amp;quot;text/javascript&amp;quot; charset=&amp;quot;utf-8&amp;quot; src=&amp;quot;http://static.bshare.cn/b/bshareC0.js&amp;quot;&amp;gt;&amp;lt;/script&amp;gt;&#xA;   &amp;lt;script type=&amp;quot;text/javascript&amp;quot; src=&amp;quot; quot; charset=&amp;quot;utf-8&amp;quot;&amp;gt;&amp;lt;/script&amp;gt;" />
  <Ad Id="10" Type="image" Image="/templates/master/ftianmao/images/temp/banner_ad3.jpg" Url="" AdImageSize="191*481" />
  <Ad Id="11" Type="image" Image="/templates/master/ftianmao/images/temp/t7.jpg" Url="" AdImageSize="190*326" />
  <Ad Id="12" Type="image" Image="/templates/master/ftianmao/images/temp/t8.jpg" Url="" AdImageSize="190*326" />
  <Ad Id="13" Type="image" Image="/templates/master/ftianmao/images/temp/t10.jpg" Url="" AdImageSize="1200*90" />
  <Ad Id="14" Type="image" Image="/templates/master/ftianmao/images/temp/t11.jpg" Url="" AdImageSize="180*180" />
  <Ad Id="15" Type="image" Image="/templates/master/ftianmao/images/temp/t12.jpg" Url="" AdImageSize="399*443" />
  <Ad Id="16" Type="image" Image="/templates/master/ftianmao/images/temp/t11.jpg" Url="" AdImageSize="180*180" />
  <Ad Id="17" Type="image" Image="/templates/master/ftianmao/images/temp/t12.jpg" Url="" AdImageSize="399*443" />
  <Ad Id="18" Type="image" Image="/templates/master/ftianmao/images/temp/t11.jpg" Url="" AdImageSize="180*180" />
  <Ad Id="19" Type="image" Image="/templates/master/ftianmao/images/temp/t12.jpg" Url="" AdImageSize="399*443" />
  <Ad Id="20" Type="image" Image="/templates/master/ftianmao/images/temp/t11.jpg" Url="" AdImageSize="180*180" />
  <Ad Id="21" Type="image" Image="/templates/master/ftianmao/images/temp/t12.jpg" Url="" AdImageSize="399*443" />
  <Ad Id="22" Type="image" Image="/templates/master/ftianmao/images/temp/t11.jpg" Url="" AdImageSize="180*180" />
  <Ad Id="23" Type="custom" Html="&amp;lt;div style=&amp;quot;background:#fe3f37;text-align:center;&amp;quot;&amp;gt;&#xA;	&amp;lt;img src=&amp;quot;/templates/master/default/UploadImage/AdvertImg/20160331145919_8098.jpg&amp;quot; alt=&amp;quot;&amp;quot; /&amp;gt; &#xA;&amp;lt;/div&amp;gt;" />
  <Ad Id="24" Type="image" Image="/templates/master/ftianmao/images/temp/t11.jpg" Url="" AdImageSize="180*180" />
  <Ad Id="25" Type="image" Image="/templates/master/ftianmao/images/temp/t12.jpg" Url="" AdImageSize="399*443" />
  <Ad Id="26" Type="image" Image="/templates/master/ftianmao/images/temp/t11.jpg" Url="" AdImageSize="180*180" />
  <Ad Id="27" Type="image" Image="/templates/master/ftianmao/images/temp/t12.jpg" Url="" AdImageSize="399*443" />
  <Ad Id="28" Type="image" Image="/templates/master/ftianmao/images/temp/t11.jpg" Url="" AdImageSize="180*180" />
  <Ad Id="29" Type="image" Image="/templates/master/ftianmao/images/temp/t12.jpg" Url="" AdImageSize="399*443" />
  <Ad Id="30" Type="image" Image="/templates/master/ftianmao/images/temp/t11.jpg" Url="" AdImageSize="180*180" />
  <Ad Id="31" Type="image" Image="/templates/master/ftianmao/images/temp/t12.jpg" Url="" AdImageSize="399*443" />
  <Ad Id="32" Type="image" Image="/templates/master/ftianmao/images/temp/t11.jpg" Url="" AdImageSize="180*180" />
  <Ad Id="33" Type="image" Image="/templates/master/ftianmao/images/temp/t12.jpg" Url="" AdImageSize="399*443" />
  <Ad Id="34" Type="image" Image="/templates/master/ftianmao/images/temp/t14.jpg" Url="" AdImageSize="1200*90" />
  <Ad Id="35" Type="image" Image="/templates/master/ftianmao/images/temp/t15.jpg" Url="" AdImageSize="1200*50" />
  <Ad Id="36" Type="image" Image="/templates/master/ftianmao/images/temp/ftmid_ad.jpg" Url="" AdImageSize="124*154" />
  <Ad Id="37" Type="custom" Html="&amp;lt;a href=&amp;quot;#&amp;quot;&amp;gt;合作伙伴&amp;lt;/a&amp;gt; | &amp;lt;a href=&amp;quot;#&amp;quot;&amp;gt;友情链接&amp;lt;/a&amp;gt; | &amp;lt;a href=&amp;quot;#&amp;quot;&amp;gt;帮助中心&amp;lt;/a&amp;gt; | &amp;lt;a href=&amp;quot;#&amp;quot;&amp;gt;联系我们&amp;lt;/a&amp;gt;|" />
  <Ad Id="230" Type="image" Image="/templates/master/ftianmao/images/temp/t12.jpg" Url="" AdImageSize="399*443" />
</root>