﻿<?xml version="1.0" encoding="utf-8"?>
<root>
  <Subject SubjectId="1" Type="simple" CategoryId="223" TagId="" BrandId="" TypeId="" AttributeString="" MaxNum="6" ImageSize="160" ImageSizeRange="160" />
  <Subject SubjectId="2" Type="simple" CategoryId="223" TagId="" BrandId="" TypeId="" AttributeString="" MaxNum="6" ImageSize="160" ImageSizeRange="160" />
  <Subject SubjectId="3" Type="simple" CategoryId="309" TagId="" BrandId="" TypeId="" AttributeString="" MaxNum="6" ImageSize="160" ImageSizeRange="160" />
  <Subject SubjectId="4" Type="simple" CategoryId="303" TagId="" BrandId="" TypeId="" AttributeString="" MaxNum="6" ImageSize="160" ImageSizeRange="160" />
  <Subject SubjectId="5" Type="simple" CategoryId="303" TagId="" BrandId="" TypeId="" AttributeString="" MaxNum="6" ImageSize="160" ImageSizeRange="160" />
  <Subject SubjectId="6" Type="top" CategoryId="" MaxNum="50" ImageNum="1" IsShowPrice="true" IsShowSaleCounts="true" IsImgShowPrice="true" IsImgShowSaleCounts="true" ImageSize="60" ImageSizeRange="60" SkinName="/HomeTags/SubjectProduct/Common_SubjectProduct_Top.html" />
  <Subject SubjectId="7" Type="simple" CategoryId="303" TagId="" BrandId="" TypeId="" AttributeString="" MaxNum="6" ImageSize="160" ImageSizeRange="160" />
  <Subject SubjectId="8" Type="top" CategoryId="" MaxNum="50" ImageNum="1" IsShowPrice="true" IsShowSaleCounts="false" IsImgShowPrice="true" IsImgShowSaleCounts="false" ImageSize="60" ImageSizeRange="60" SkinName="/HomeTags/SubjectProduct/Common_SubjectProduct_Top.html" />
  <Subject SubjectId="9" Type="simple" CategoryId="303" TagId="" BrandId="" TypeId="" AttributeString="" MaxNum="6" ImageSize="160" ImageSizeRange="160" />
  <Subject SubjectId="10" Type="top" CategoryId="" MaxNum="50" ImageNum="1" IsShowPrice="true" IsShowSaleCounts="false" IsImgShowPrice="true" IsImgShowSaleCounts="false" ImageSize="60" ImageSizeRange="60" SkinName="/HomeTags/SubjectProduct/Common_SubjectProduct_Top.html" />
  <Subject SubjectId="11" Type="simple" CategoryId="303" TagId="" BrandId="" TypeId="" AttributeString="" MaxNum="6" ImageSize="160" ImageSizeRange="160" />
  <Subject SubjectId="12" Type="top" CategoryId="" MaxNum="50" ImageNum="1" IsShowPrice="true" IsShowSaleCounts="false" IsImgShowPrice="true" IsImgShowSaleCounts="false" ImageSize="60" ImageSizeRange="60" SkinName="/HomeTags/SubjectProduct/Common_SubjectProduct_Top.html" />
  <Subject SubjectId="13" Type="simple" CategoryId="119" TagId="" BrandId="" TypeId="" AttributeString="" MaxNum="6" ImageSize="160" ImageSizeRange="160" />
  <Subject SubjectId="14" Type="simple" CategoryId="20" TagId="" BrandId="" TypeId="" AttributeString="" MaxNum="6" ImageSize="160" ImageSizeRange="160" />
  <Subject SubjectId="15" Type="simple" CategoryId="303" TagId="" BrandId="" TypeId="" AttributeString="" MaxNum="6" ImageSize="160" ImageSizeRange="160" />
  <Subject SubjectId="16" Type="simple" CategoryId="5" TagId="" BrandId="" TypeId="" AttributeString="" MaxNum="6" ImageSize="160" ImageSizeRange="160" />
  <Subject SubjectId="27" Type="simple" CategoryId="303" TagId="" BrandId="" TypeId="" AttributeString="" MaxNum="6" ImageSize="160" ImageSizeRange="160" />
  <Subject SubjectId="17" Type="top" CategoryId="53" MaxNum="5" ImageNum="5" IsShowPrice="false" IsShowSaleCounts="false" IsImgShowPrice="true" IsImgShowSaleCounts="false" ImageSize="160" ImageSizeRange="160" SkinName="HomeTags/SubjectProduct/Common_SubjectProduct_Top2.html" />
  <Subject SubjectId="18" Type="simple" CategoryId="303" TagId="" BrandId="" TypeId="" AttributeString="" MaxNum="6" ImageSize="160" ImageSizeRange="160" />
  <Subject SubjectId="19" Type="simple" CategoryId="303" TagId="" BrandId="" TypeId="" AttributeString="" MaxNum="6" ImageSize="160" ImageSizeRange="160" />
  <Subject SubjectId="20" Type="simple" CategoryId="303" TagId="" BrandId="" TypeId="" AttributeString="" MaxNum="6" ImageSize="160" ImageSizeRange="160" />
  <Subject SubjectId="21" Type="simple" CategoryId="303" TagId="" BrandId="" TypeId="" AttributeString="" MaxNum="6" ImageSize="160" ImageSizeRange="160" />
  <Subject SubjectId="22" Type="simple" CategoryId="303" TagId="" BrandId="" TypeId="" AttributeString="" MaxNum="6" ImageSize="160" ImageSizeRange="160" />
  <Subject SubjectId="23" Type="top" CategoryId="" MaxNum="5" ImageNum="5" IsShowPrice="false" IsShowSaleCounts="false" IsImgShowPrice="true" IsImgShowSaleCounts="false" ImageSize="160" ImageSizeRange="60" SkinName="/HomeTags/SubjectProduct/Common_SubjectProduct_Top2.html" />
</root>