﻿<?xml version="1.0" encoding="utf-8"?>
<root>
  <Subject SubjectId="1" Type="floor" Title="精选床品" AdUrl="http://google9.com" TitelUrl="http://sian.com" ImageTitle="/templates/master/default/UploadImage/titleimg/20141215174816_8382.png" IsShowMoreLink="true" AdImage="/templates/master/default/UploadImage/advertimg/20141217180159_6690.png" CategoryId="34" TagId="" BrandId="" MaxNum="4" SubCategoryNum="5" ImageSize="180" ImageSizeRange="160,180" AdImageSize="240*254" TitleImageSize="28*36" SkinName="HomeTags/SubjectProduct/Common_SubjectProduct_Floor.html" />
  <Subject SubjectId="2" Type="tab" TabTitle1="连衣裙" TabTitle2="图书" TabTitle3="家纺" TabTitle4="美妆" TabTitle5="" TabTitle6="食品" TabTitle7="" TabTitle8="" Where1="2,," Where2="23,," Where3="26,," Where4="20,," Where5="13,," Where6="17,," Where7=",," Where8="17,," MaxNum="4" ImageSize="220" ImageSizeRange="220" />
  <Subject SubjectId="3" Type="top" CategoryId="23" MaxNum="8" ImageNum="3" IsShowPrice="false" IsShowSaleCounts="false" IsImgShowPrice="false" IsImgShowSaleCounts="false" ImageSize="60" ImageSizeRange="60" />
  <Subject SubjectId="4" Type="group" Title="休闲鞋帽" ImageTitle="/templates/master/default/UploadImage/titleimg/20141215174741_9781.png" IsShowMoreLink="true" CategoryId="6" AdImageLeft="/templates/master/default/UploadImage/advertimg/20141215172950_0809.png" LeftUrl="" AdImageRight="/templates/master/default/UploadImage/advertimg/20141215161444_6320.png" RightUrl="" MaxNum="3" SubCategoryNum="16" BrandNum="6" HotKeywordNum="10" ImageSize="160" SaleTopNum="5" ImageNum="2" IsShowPrice="true" IsShowSaleCounts="true" IsImgShowPrice="false" IsImgShowSaleCounts="false" TopImageSize="60" LeftSize="200*152" RightSize="630*226" TitleSize="28*36" ImageSizeRange="160,180" SkinName="HomeTags/SubjectProduct/Common_SubjectProduct_Group.html" />
  <Subject SubjectId="5" Type="simple" CategoryId="" TagId="" BrandId="" TypeId="" AttributeString="" MaxNum="5" ImageSize="100" ImageSizeRange="160,180,220" />
  <Subject SubjectId="6" Type="tab" TabTitle1="休闲零食" TabTitle2="品牌男鞋" TabTitle3="智能数码" TabTitle4="舒适家纺" TabTitle5="" TabTitle6="" TabTitle7="" TabTitle8="" Where1="17,," Where2="6,," Where3="13,," Where4="26,," Where5=",," Where6=",," Where7=",," Where8=",," MaxNum="8" ImageSize="100" ImageSizeRange="100,160" />
  <Subject SubjectId="7" Type="floor" Title="推荐商品" ImageTitle="" IsShowMoreLink="false" AdImage="" CategoryId="303" TagId="" BrandId="54" MaxNum="3" SubCategoryNum="0" ImageSize="100" AdImageSize="100*200" TitleImageSize="200*15" ImageSizeRange="160,180,220" />
  <Subject SubjectId="8" Type="floor" Title="大分类1" ImageTitle="" IsShowMoreLink="false" AdImage="" CategoryId="273" TagId="" BrandId="55" MaxNum="4" SubCategoryNum="1" ImageSize="160" AdImageSize="212*25" TitleImageSize="200*15" ImageSizeRange="160,180,220" />
  <Subject SubjectId="9" Type="floor" Title="大分类2" ImageTitle="" IsShowMoreLink="false" AdImage="" CategoryId="274" TagId="3" BrandId="55" MaxNum="4" SubCategoryNum="0" ImageSize="160" AdImageSize="212*25" TitleImageSize="200*15" ImageSizeRange="160,180,220" />
  <Subject SubjectId="10" Type="top" CategoryId="" MaxNum="2" ImageNum="1" IsShowPrice="false" IsShowSaleCounts="false" IsImgShowPrice="false" IsImgShowSaleCounts="false" ImageSize="60" ImageSizeRange="60" />
  <Subject SubjectId="11" Type="simple" CategoryId="13" TagId="" BrandId="" TypeId="" AttributeString="" MaxNum="6" ImageSize="180" ImageSizeRange="180" SkinName="HomeTags/SubjectProduct/Common_SubjectProduct_Simp.html" />
  <Subject SubjectId="12" Type="simple" CategoryId="20" TagId="1" BrandId="" TypeId="" AttributeString="" MaxNum="6" ImageSize="180" ImageSizeRange="180" SkinName="HomeTags/SubjectProduct/Common_SubjectProduct_Simp.html" />
  <Subject SubjectId="13" Type="simple" CategoryId="13" TagId="" BrandId="" TypeId="" AttributeString="" MaxNum="6" ImageSize="180" ImageSizeRange="180" SkinName="HomeTags/SubjectProduct/Common_SubjectProduct_Simp.html" />
  <Subject SubjectId="14" Type="simple" CategoryId="1" TagId="" BrandId="" TypeId="" AttributeString="" MaxNum="6" ImageSize="180" ImageSizeRange="180" SkinName="HomeTags/SubjectProduct/Common_SubjectProduct_Simp.html" />
  <Subject SubjectId="15" Type="simple" CategoryId="17" TagId="1" BrandId="" TypeId="" AttributeString="" MaxNum="6" ImageSize="180" ImageSizeRange="180" SkinName="HomeTags/SubjectProduct/Common_SubjectProduct_Simp.html" />
  <Subject SubjectId="16" Type="simple" CategoryId="4" TagId="" BrandId="" TypeId="" AttributeString="" MaxNum="6" ImageSize="180" ImageSizeRange="180" SkinName="HomeTags/SubjectProduct/Common_SubjectProduct_Simp.html" />
  <Subject SubjectId="17" Type="top" CategoryId="23" MaxNum="5" ImageNum="5" IsShowPrice="false" IsShowSaleCounts="false" IsImgShowPrice="true" IsImgShowSaleCounts="false" ImageSize="160" ImageSizeRange="160" SkinName="HomeTags/SubjectProduct/Common_SubjectProduct_Top2.html" />
  <Subject SubjectId="18" Type="simple" CategoryId="20" TagId="" BrandId="" TypeId="" AttributeString="" MaxNum="10" ImageSize="220" ImageSizeRange="220" SkinName="HomeTags/SubjectProduct/Common_SubjectProduct_Simp2.html" />
  <Subject SubjectId="19" Type="simple" CategoryId="20" TagId="" BrandId="" TypeId="" AttributeString="" MaxNum="4" ImageSize="160" ImageSizeRange="100,160" SkinName="HomeTags/SubjectProduct/Common_SubjectProduct_Simp.html" />
  <Subject SubjectId="20" Type="simple" CategoryId="20" TagId="" BrandId="" TypeId="" AttributeString="" MaxNum="5" ImageSize="220" ImageSizeRange="220" SkinName="HomeTags/SubjectProduct/Common_SubjectProduct_Simp2.html" />
  <Subject SubjectId="21" Type="simple" CategoryId="21" TagId="" BrandId="" TypeId="" AttributeString="" MaxNum="5" ImageSize="220" ImageSizeRange="220" SkinName="HomeTags/SubjectProduct/Common_SubjectProduct_Simp2.html" />
  <Subject SubjectId="22" Type="simple" CategoryId="22" TagId="" BrandId="" TypeId="" AttributeString="" MaxNum="5" ImageSize="220" ImageSizeRange="220" SkinName="HomeTags/SubjectProduct/Common_SubjectProduct_Simp2.html" />
  <Subject SubjectId="23" Type="simple" CategoryId="23" TagId="" BrandId="" TypeId="" AttributeString="" MaxNum="5" ImageSize="220" ImageSizeRange="220" SkinName="HomeTags/SubjectProduct/Common_SubjectProduct_Simp2.html" />
</root>