﻿<?xml version="1.0" encoding="utf-8"?>
<root>
  <Comment Id="1" Type="article" Title="时尚资讯" ImageTitle="" AdImage=" " CategoryId="" MaxNum="8" TitleImageSize="200*15" AdImageSize="150*98" />
  <Comment Id="2" Type="title" Title="1F 珠宝手表" ImageTitle="" TitleImageSize="28*36" />
  <Comment Id="3" Type="brand" CategoryId="" IsShowLogo="true" IsShowTitle="false" MaxNum="6" ImageSize="100*44" />
  <Comment Id="4" Type="title" Title="2F 珠宝手表" ImageTitle="" TitleImageSize="28*36" />
  <Comment Id="5" Type="title" Title="3F 珠宝手表" ImageTitle="" TitleImageSize="28*36" />
  <Comment Id="6" Type="brand" CategoryId="" IsShowLogo="true" IsShowTitle="false" MaxNum="6" ImageSize="100*44" />
  <Comment Id="7" Type="title" Title="4F 珠宝手表" ImageTitle="" TitleImageSize="28*36" />
  <Comment Id="8" Type="title" Title="5F 珠宝手表" ImageTitle="" TitleImageSize="28*36" />
  <Comment Id="9" Type="brand" CategoryId="" IsShowLogo="true" IsShowTitle="false" MaxNum="6" ImageSize="100*44" />
  <Comment Id="18" Type="brand" CategoryId="" IsShowLogo="true" IsShowTitle="false" MaxNum="10" ImageSize="75*34" />
  <Comment Id="19" Type="brand" CategoryId="" IsShowLogo="true" IsShowTitle="false" MaxNum="10" ImageSize="75*34" />
  <Comment Id="30" Type="brand" CategoryId="" IsShowLogo="true" IsShowTitle="false" MaxNum="10" ImageSize="118*34" />
</root>