﻿<?xml version="1.0" encoding="utf-8"?>
<root>
  <Ad Id="1" Type="image" Image="/templates/master/yemaijiu/UploadImage/advertimg/20140318192751_4967.jpg" Url="" AdImageSize="330*50" />
  <Ad Id="2" Type="slide" Image1="/templates/master/yemaijiu/images/adlbo.jpg" Image2="/templates/master/yemaijiu/images/adlbo.jpg" Image3="/templates/master/yemaijiu/images/adlbo.jpg" Image4="" Image5="" Image6="" Image7="" Image8="" Image9="" Image10="" Url1="" Url2="" Url3="" Url4="" Url5="" Url6="" Url7="" Url8="" Url9="" Url10="" AdImageSize="1920*398" />
  <Ad Id="3" Type="image" Image="/templates/master/yemaijiu/UploadImage/advertimg/20140320193817_3368.jpg" Url="" AdImageSize="270*125" />
  <Ad Id="4" Type="image" Image="/templates/master/yemaijiu/UploadImage/advertimg/20140323210347_0322.jpg" Url="" AdImageSize="930*250" />
  <Ad Id="5" Type="image" Image="/templates/master/yemaijiu/UploadImage/advertimg/20140323210347_0322.jpg" Url="" AdImageSize="930*250" />
  <Ad Id="6" Type="image" Image="/templates/master/yemaijiu/UploadImage/advertimg/20140323210347_0322.jpg" Url="" AdImageSize="930*250" />
  <Ad Id="7" Type="image" Image="/templates/master/yemaijiu/UploadImage/advertimg/20140323210347_0322.jpg" Url="" AdImageSize="930*250" />
  <Ad Id="8" Type="image" Image="/templates/master/yemaijiu/UploadImage/advertimg/20140323210347_0322.jpg" Url="" AdImageSize="930*250" />
  <Ad Id="9" Type="custom" Html="&amp;lt;div class=&amp;quot;bshare-custom&amp;quot;&amp;gt;&amp;lt;a class=&amp;quot;bshare-qzone&amp;quot; title=&amp;quot;分享到QQ空间&amp;quot;&amp;gt;&amp;lt;/a&amp;gt;&amp;lt;a class=&amp;quot;bshare-sinaminiblog&amp;quot; title=&amp;quot;分享到新浪微博&amp;quot;&amp;gt;&amp;lt;/a&amp;gt;&amp;lt;a class=&amp;quot;bshare-qqmb&amp;quot; title=&amp;quot;分享到腾讯微博&amp;quot;&amp;gt;&amp;lt;/a&amp;gt;&amp;lt;/div&amp;gt;&#xA;&amp;lt;script type=&amp;quot;text/javascript&amp;quot; charset=&amp;quot;utf-8&amp;quot; src=&amp;quot;http://static.bshare.cn/b/buttonLite.js#style=-1&amp;amp;amp;uuid=&amp;amp;amp;pophcol=2&amp;amp;amp;lang=zh&amp;quot;&amp;gt;&amp;lt;/script&amp;gt;&#xA;&amp;lt;script type=&amp;quot;text/javascript&amp;quot; charset=&amp;quot;utf-8&amp;quot; src=&amp;quot;http://static.bshare.cn/b/bshareC0.js&amp;quot;&amp;gt;&amp;lt;/script&amp;gt;&#xA;   &amp;lt;script type=&amp;quot;text/javascript&amp;quot; src=&amp;quot;quot; charset=&amp;quot;utf-8&amp;quot;&amp;gt;&amp;lt;/script&amp;gt;" />
  <Ad Id="10" Type="image" Image="/templates/master/default/UploadImage/advertimg/20160523095124_9304.jpg" Url="" AdImageSize="360*445" />
  <Ad Id="11" Type="custom" Html="&amp;lt;div id=&amp;quot;lunhuanJS&amp;quot;&amp;gt;&#xA;	&amp;lt;!--产品分类开始 --&amp;gt;&amp;lt;!--产品分类结束--&amp;gt;&amp;lt;!--轮播 tab标签 --&amp;gt;&#xA;	&amp;lt;div class=&amp;quot;lunhuan_content&amp;quot;&amp;gt;&#xA;		&amp;lt;!--舌签1开始 --&amp;gt;&#xA;		&amp;lt;div class=&amp;quot;tab_1&amp;quot;&amp;gt;&#xA;			&amp;lt;div id=&amp;quot;pic&amp;quot; class=&amp;quot;tab_img&amp;quot;&amp;gt;&#xA;				&amp;lt;a href=&amp;quot;#&amp;quot;&amp;gt; &#xA;				&amp;lt;div style=&amp;quot;text-align:center;background:url(http://www.maiyan.com/Storage/master/gallery/201504/961d3a230bfa4de98d6cdab9350ed1f6.jpg) no-repeat center top;&amp;quot;&amp;gt;&#xA;				&amp;lt;/div&amp;gt;&#xA;&amp;lt;/a&amp;gt;&amp;lt;a href=&amp;quot;#&amp;quot;&amp;gt; &#xA;				&amp;lt;div style=&amp;quot;text-align:center;background:url(http://www.maiyan.com/Storage/master/gallery/201504/2b8970a69bc74390bbd2fffd4341ff66.jpg) no-repeat center top;&amp;quot;&amp;gt;&#xA;				&amp;lt;/div&amp;gt;&#xA;&amp;lt;/a&amp;gt;&amp;lt;a href=&amp;quot;#&amp;quot;&amp;gt; &#xA;				&amp;lt;div style=&amp;quot;text-align:center;background:url(http://www.maiyan.com/Storage/master/gallery/201504/592a7fe392064a398ae313162c9fc0a7.jpg) no-repeat center top;&amp;quot;&amp;gt;&#xA;				&amp;lt;/div&amp;gt;&#xA;&amp;lt;/a&amp;gt;&amp;lt;a href=&amp;quot;#&amp;quot;&amp;gt; &#xA;				&amp;lt;div style=&amp;quot;text-align:center;background:url(http://www.maiyan.com/Storage/master/gallery/201504/6db8ce34b2a04bae8902e719144d3c17.jpg) no-repeat center top;&amp;quot;&amp;gt;&#xA;				&amp;lt;/div&amp;gt;&#xA;&amp;lt;/a&amp;gt;&amp;lt;a href=&amp;quot;#&amp;quot;&amp;gt; &#xA;				&amp;lt;div style=&amp;quot;text-align:center;background:url(http://www.maiyan.com/Storage/master/gallery/201501/361ee0be9d6d42a1a8ecaf99cfda23f4.jpg) no-repeat center top;&amp;quot;&amp;gt;&#xA;				&amp;lt;/div&amp;gt;&#xA;&amp;lt;/a&amp;gt;&amp;lt;a href=&amp;quot;#&amp;quot;&amp;gt; &#xA;				&amp;lt;div style=&amp;quot;text-align:center;background:url(http://www.maiyan.com/Storage/master/gallery/201504/929445b2584444ea9b50dd390baf5afd.jpg) no-repeat center top;&amp;quot;&amp;gt;&#xA;				&amp;lt;/div&amp;gt;&#xA;&amp;lt;/a&amp;gt; &#xA;			&amp;lt;/div&amp;gt;&#xA;			&amp;lt;div&amp;gt;&#xA;			&amp;lt;/div&amp;gt;&#xA;			&amp;lt;div class=&amp;quot;tab_menu&amp;quot;&amp;gt;&#xA;				&amp;lt;ul id=&amp;quot;play&amp;quot;&amp;gt;&#xA;					&amp;lt;li id=&amp;quot;li0&amp;quot; class=&amp;quot;lunhuanJSbg active&amp;quot; alt=&amp;quot;1&amp;quot;&amp;gt;&#xA;						&amp;lt;a&amp;gt;&amp;lt;/a&amp;gt; &#xA;					&amp;lt;/li&amp;gt;&#xA;					&amp;lt;li id=&amp;quot;li1&amp;quot; class=&amp;quot;lunhuanJSbg normal&amp;quot; alt=&amp;quot;2&amp;quot;&amp;gt;&#xA;						&amp;lt;a&amp;gt;&amp;lt;/a&amp;gt; &#xA;					&amp;lt;/li&amp;gt;&#xA;					&amp;lt;li id=&amp;quot;li2&amp;quot; class=&amp;quot;lunhuanJSbg normal&amp;quot; alt=&amp;quot;3&amp;quot;&amp;gt;&#xA;						&amp;lt;a&amp;gt;&amp;lt;/a&amp;gt; &#xA;					&amp;lt;/li&amp;gt;&#xA;					&amp;lt;li id=&amp;quot;li3&amp;quot; class=&amp;quot;lunhuanJSbg normal&amp;quot; alt=&amp;quot;4&amp;quot;&amp;gt;&#xA;						&amp;lt;a&amp;gt;&amp;lt;/a&amp;gt; &#xA;					&amp;lt;/li&amp;gt;&#xA;					&amp;lt;li id=&amp;quot;li4&amp;quot; class=&amp;quot;lunhuanJSbg normal&amp;quot; alt=&amp;quot;5&amp;quot;&amp;gt;&#xA;						&amp;lt;a&amp;gt;&amp;lt;/a&amp;gt; &#xA;					&amp;lt;/li&amp;gt;&#xA;					&amp;lt;li id=&amp;quot;li5&amp;quot; class=&amp;quot;lunhuanJSbg normal&amp;quot; alt=&amp;quot;6&amp;quot;&amp;gt;&#xA;						&amp;lt;a&amp;gt;&amp;lt;/a&amp;gt; &#xA;					&amp;lt;/li&amp;gt;&#xA;				&amp;lt;/ul&amp;gt;&#xA;			&amp;lt;/div&amp;gt;&#xA;		&amp;lt;/div&amp;gt;&#xA;		&amp;lt;div&amp;gt;&#xA;		&amp;lt;/div&amp;gt;&#xA;	&amp;lt;/div&amp;gt;&#xA;&amp;lt;!--右侧 --&amp;gt;&#xA;&amp;lt;/div&amp;gt;" />
  <Ad Id="12" Type="image" Image="/templates/master/default/UploadImage/advertimg/20160523095148_0399.jpg" Url="" AdImageSize="360*445" />
  <Ad Id="13" Type="image" Image="/templates/master/default/UploadImage/advertimg/20160523095236_0714.jpg" Url="" AdImageSize="360*445" />
  <Ad Id="14" Type="image" Image="/templates/master/default/UploadImage/advertimg/20160523095258_3841.jpg" Url="" AdImageSize="360*445" />
  <Ad Id="15" Type="image" Image="/templates/master/default/UploadImage/advertimg/20160523095324_9155.jpg" Url="" AdImageSize="360*445" />
  <Ad Id="16" Type="image" Image="/templates/master/default/UploadImage/advertimg/2.jpg" Url="" AdImageSize="210*90" />
  <Ad Id="17" Type="image" Image="/templates/master/default/UploadImage/advertimg/20160509145459_6102.jpg" Url="" AdImageSize="1200*100" />
  <Ad Id="18" Type="image" Image="/templates/master/default/UploadImage/advertimg/ad-018.jpg" Url="" AdImageSize="320*360" />
  <Ad Id="19" Type="image" Image="/templates/master/default/UploadImage/advertimg/ad-08.jpg" Url="" AdImageSize="1200*110" />
  <Ad Id="20" Type="image" Image="/templates/master/default/UploadImage/advertimg/ad20.jpg" Url="" AdImageSize="195*45" />
  <Ad Id="21" Type="image" Image="/templates/master/default/UploadImage/advertimg/20160509103359_9882.jpg" Url="" AdImageSize="1200*110" />
  <Ad Id="22" Type="image" Image="/templates/master/default/UploadImage/advertimg/ad-09.jpg" Url="" AdImageSize="360*445" />
  <Ad Id="23" Type="custom" Html="&amp;lt;div style=&amp;quot;background:#fe3f37;text-align:center;&amp;quot;&amp;gt;&#xA;	&amp;lt;img src=&amp;quot;/templates/master/default/UploadImage/AdvertImg/20160331145919_8098.jpg&amp;quot; alt=&amp;quot;&amp;quot; /&amp;gt; &#xA;&amp;lt;/div&amp;gt;" />
  <Ad Id="24" Type="image" Image="/templates/master/default/UploadImage/advertimg/ad-10.jpg" Url="" AdImageSize="385*220" />
  <Ad Id="25" Type="image" Image="/templates/master/default/UploadImage/advertimg/20141215173510_3348.png" Url="" AdImageSize="210*455" />
  <Ad Id="26" Type="image" Image="/templates/master/default/UploadImage/advertimg/20141215172613_9873.png" Url="" AdImageSize="210*455" />
  <Ad Id="27" Type="image" Image="/templates/master/default/UploadImage/advertimg/20150804194719_1093.png" Url="" AdImageSize="210*90" />
  <Ad Id="28" Type="image" Image="/templates/master/default/UploadImage/advertimg/20160315173553_2670.png" Url="" AdImageSize="180*65" />
  <Ad Id="29" Type="custom" Html="&amp;lt;div class=&amp;quot;list&amp;quot;&amp;gt;&#xA;	&amp;lt;a target=&amp;quot;_blank&amp;quot; href=&amp;quot;http://wpa.qq.com/msgrd?v=3&amp;amp;uin=123456&amp;amp;site=qq&amp;amp;menu=yes&amp;quot;&amp;gt; &amp;lt;img src=&amp;quot;http://wpa.qq.com/pa?p=2:123456:52&amp;quot; /&amp;gt; &amp;lt;em&amp;gt;客服老罗&amp;lt;/em&amp;gt;&amp;lt;/a&amp;gt; &#xA;&amp;lt;/div&amp;gt;&#xA;&amp;lt;div class=&amp;quot;list&amp;quot;&amp;gt;&#xA;	&amp;lt;a target=&amp;quot;_blank&amp;quot; href=&amp;quot;http://wpa.qq.com/msgrd?v=3&amp;amp;uin=123456&amp;amp;site=qq&amp;amp;menu=yes&amp;quot;&amp;gt; &amp;lt;img src=&amp;quot;http://wpa.qq.com/pa?p=2:123456:52&amp;quot; /&amp;gt; &amp;lt;em&amp;gt;客服小罗&amp;lt;/em&amp;gt; &amp;lt;/a&amp;gt; &#xA;&amp;lt;/div&amp;gt;" />
  <Ad Id="30" Type="custom" Html="&amp;lt;img src=&amp;quot;/templates/master/default/UploadImage/AdvertImg/20160418100121_4541.jpg&amp;quot; alt=&amp;quot;&amp;quot; /&amp;gt;&amp;lt;img src=&amp;quot;/templates/master/default/UploadImage/AdvertImg/20160418100121_6905.jpg&amp;quot; alt=&amp;quot;&amp;quot; /&amp;gt;&amp;lt;img src=&amp;quot;/templates/master/default/UploadImage/AdvertImg/20160418100121_9475.jpg&amp;quot; alt=&amp;quot;&amp;quot; /&amp;gt;" />
  <Ad Id="31" Type="custom" Html="&amp;lt;img src=&amp;quot;/templates/master/default/UploadImage/AdvertImg/20160316155855_3112.png&amp;quot; alt=&amp;quot;&amp;quot; /&amp;gt;&amp;lt;br /&amp;gt;" />
</root>