﻿<?xml version="1.0" encoding="utf-8"?>
<root>
  <Subject SubjectId="1" Type="simple" CategoryId="26" TagId="" BrandId="" TypeId="" AttributeString="" MaxNum="5" ImageSize="180" ImageSizeRange="180" />
  <Subject SubjectId="2" Type="simple" CategoryId="23" TagId="" BrandId="" TypeId="" AttributeString="" MaxNum="5" ImageSize="180" ImageSizeRange="180" />
  <Subject SubjectId="3" Type="simple" CategoryId="17" TagId="" BrandId="" TypeId="" AttributeString="" MaxNum="5" ImageSize="180" ImageSizeRange="180" />
  <Subject SubjectId="4" Type="simple" CategoryId="20" TagId="" BrandId="" TypeId="" AttributeString="" MaxNum="5" ImageSize="180" ImageSizeRange="180" />
  <Subject SubjectId="5" Type="simple" CategoryId="303" TagId="" BrandId="" TypeId="" AttributeString="" MaxNum="5" ImageSize="180" ImageSizeRange="180" />
  <Subject SubjectId="6" Type="top" CategoryId="" MaxNum="10" ImageNum="1" IsShowPrice="true" IsShowSaleCounts="true" IsImgShowPrice="true" IsImgShowSaleCounts="true" ImageSize="60" ImageSizeRange="60" SkinName="HomeTags/SubjectProduct/Common_SubjectProduct_Top.html" />
  <Subject SubjectId="7" Type="simple" CategoryId="303" TagId="" BrandId="" TypeId="" AttributeString="" MaxNum="5" ImageSize="180" ImageSizeRange="180" />
  <Subject SubjectId="8" Type="top" CategoryId="" MaxNum="10" ImageNum="1" IsShowPrice="true" IsShowSaleCounts="false" IsImgShowPrice="true" IsImgShowSaleCounts="false" ImageSize="60" ImageSizeRange="60" SkinName="HomeTags/SubjectProduct/Common_SubjectProduct_Top.html" />
  <Subject SubjectId="9" Type="simple" CategoryId="303" TagId="" BrandId="" TypeId="" AttributeString="" MaxNum="5" ImageSize="180" ImageSizeRange="180" />
  <Subject SubjectId="10" Type="top" CategoryId="" MaxNum="10" ImageNum="1" IsShowPrice="true" IsShowSaleCounts="false" IsImgShowPrice="true" IsImgShowSaleCounts="false" ImageSize="60" ImageSizeRange="60" SkinName="HomeTags/SubjectProduct/Common_SubjectProduct_Top.html" />
  <Subject SubjectId="11" Type="simple" CategoryId="303" TagId="" BrandId="" TypeId="" AttributeString="" MaxNum="5" ImageSize="180" ImageSizeRange="180" />
  <Subject SubjectId="12" Type="top" CategoryId="" MaxNum="10" ImageNum="1" IsShowPrice="true" IsShowSaleCounts="false" IsImgShowPrice="true" IsImgShowSaleCounts="false" ImageSize="60" ImageSizeRange="60" SkinName="HomeTags/SubjectProduct/Common_SubjectProduct_Top.html" />
    <Subject SubjectId="17" Type="top" CategoryId="" MaxNum="5" ImageNum="5" IsShowPrice="false" IsShowSaleCounts="false" IsImgShowPrice="true" IsImgShowSaleCounts="false" ImageSize="160" ImageSizeRange="60" SkinName="HomeTags/SubjectProduct/Common_SubjectProduct_Top2.html" />
</root>