﻿<?xml version="1.0" encoding="utf-8"?>
<root>
  <Ad Id="1" Type="slide" Image1="/templates/master/jiafang1200/UploadImage/advertimg/20160810103008_8824.jpg" Image2="/templates/master/jiafang1200/UploadImage/advertimg/20160810103008_1792.jpg" Image3="/templates/master/jiafang1200/UploadImage/advertimg/20160810103007_5699.jpg" Image4="/templates/master/jiafang1200/UploadImage/advertimg/20160810103006_6792.jpg" Image5="/templates/master/jiafang1200/UploadImage/advertimg/20160713151254_4978.jpg" Image6="" Image7="" Image8="" Image9="" Image10="" Url1="" Url2="" Url3="" Url4="" Url5="" Url6="" Url7="" Url8="" Url9="" Url10="" AdImageSize="1920*448" />
  <Ad Id="2" Type="image" Image="/templates/master/jiafang1200/UploadImage/advertimg/20140211141248_1103.jpg" Url="" AdImageSize="190*74" />
  <Ad Id="3" Type="image" Image="/templates/master/jiafang1200/UploadImage/advertimg/20140211141526_7333.jpg" Url="" AdImageSize="341*64" />
  <Ad Id="4" Type="image" Image="/templates/master/jiafang1200/UploadImage/advertimg/20140211143004_5516.jpg" Url="" AdImageSize="189*25" />
  <Ad Id="5" Type="image" Image="/templates/master/jiafang1200/UploadImage/advertimg/20140212112251_4541.jpg" Url="" AdImageSize="541*412" />
  <Ad Id="6" Type="image" Image="/templates/master/jiafang1200/UploadImage/advertimg/20140212112415_2079.jpg" Url="" AdImageSize="394*205" />
  <Ad Id="7" Type="image" Image="/templates/master/jiafang1200/UploadImage/advertimg/20140212112316_2815.jpg" Url="" AdImageSize="258*412" />
  <Ad Id="8" Type="image" Image="/templates/master/jiafang1200/UploadImage/advertimg/20140212112628_5525.jpg" Url="" AdImageSize="394*205" />
  <Ad Id="9" Type="image" Image="/templates/master/jiafang1200/UploadImage/advertimg/20140212145249_1816.jpg" Url="" AdImageSize="212*155" />
  <Ad Id="10" Type="image" Image="/templates/master/default/UploadImage/advertimg/20160810135733_3165.jpg" Url="" AdImageSize="220*600" />
  <Ad Id="11" Type="image" Image="/templates/master/default/UploadImage/advertimg/20160712094223_7750.jpg" Url="" AdImageSize="220*290" />
  <Ad Id="12" Type="image" Image="/templates/master/default/UploadImage/advertimg/20160810135213_4234.jpg" Url="" AdImageSize="220*290" />
  <Ad Id="13" Type="image" Image="/templates/master/default/UploadImage/advertimg/20160810140221_0697.jpg" Url="" AdImageSize="220*600" />
  <Ad Id="14" Type="image" Image="/templates/master/default/UploadImage/advertimg/20160810141607_3268.jpg" Url="" AdImageSize="220*600" />
  <Ad Id="15" Type="image" Image="/templates/master/default/UploadImage/advertimg/20160712094310_4592.jpg" Url="" AdImageSize="220*290" />
  <Ad Id="16" Type="image" Image="/templates/master/default/UploadImage/advertimg/20160712095405_0920.jpg" Url="" AdImageSize="1180*90" />
  <Ad Id="17" Type="custom" Html="&amp;lt;!-- JiaThis Button BEGIN --&amp;gt; &amp;lt;div class=&amp;quot;jiathis_style&amp;quot;&amp;gt;&amp;lt;span class=&amp;quot;jiathis_txt&amp;quot;&amp;gt;加关注：&amp;lt;/span&amp;gt; &amp;lt;a class=&amp;quot;jiathis_button_tsina&amp;quot;&amp;gt;&amp;lt;/a&amp;gt;&amp;lt;a class=&amp;quot;jiathis jiathis_txt jtico jtico_jiathis&amp;quot; href=&amp;quot;http://www.jiathis.com/share&amp;quot; target=&amp;quot;_blank&amp;quot;&amp;gt;分享&amp;lt;/a&amp;gt; &amp;lt;/div&amp;gt;&#xA;&amp;lt;script type=&amp;quot;text/javascript&amp;quot; charset=&amp;quot;utf-8&amp;quot; src=&amp;quot;quot;&amp;gt;&amp;lt;/script&amp;gt;&#xA;&amp;lt;!-- JiaThis Button END --&amp;gt;" />
  <Ad Id="18" Type="custom" Html="&amp;lt;img src=&amp;quot;/templates/master/jiafang1200/UploadImage/AdvertImg/20140211160800_6867.jpg&amp;quot; alt=&amp;quot;&amp;quot; border=&amp;quot;0&amp;quot; /&amp;gt;&amp;lt;img src=&amp;quot;/templates/master/jiafang1200/UploadImage/AdvertImg/20140211160809_3001.jpg&amp;quot; alt=&amp;quot;&amp;quot; border=&amp;quot;0&amp;quot; /&amp;gt;" />
  <Ad Id="19" Type="custom" Html="&amp;lt;img src=&amp;quot;/templates/master/jiafang1200/UploadImage/AdvertImg/20140211160831_3434.jpg&amp;quot; alt=&amp;quot;&amp;quot; border=&amp;quot;0&amp;quot; /&amp;gt;&amp;lt;img src=&amp;quot;/templates/master/jiafang1200/UploadImage/AdvertImg/20140211160840_4689.jpg&amp;quot; alt=&amp;quot;&amp;quot; border=&amp;quot;0&amp;quot; /&amp;gt;" />
  <Ad Id="20" Type="image" Image="/templates/master/jiafang1200/UploadImage/advertimg/20140212113438_2465.jpg" Url="" AdImageSize="938*333" />
  <Ad Id="21" Type="image" Image="/templates/master/jiafang1200/UploadImage/advertimg/20140212113448_1251.jpg" Url="" AdImageSize="259*333" />
  <Ad Id="22" Type="image" Image="/templates/master/jiafang1200/UploadImage/advertimg/20140212113438_2465.jpg" Url="" AdImageSize="938*333" />
  <Ad Id="34" Type="image" Image="/templates/master/jiafang1200/UploadImage/advertimg/20140212113448_1251.jpg" Url="" AdImageSize="259*333" />
  <Ad Id="24" Type="image" Image="/templates/master/jiafang1200/UploadImage/advertimg/20140212113438_2465.jpg" Url="" AdImageSize="938*333" />
  <Ad Id="25" Type="image" Image="/templates/master/jiafang1200/UploadImage/advertimg/20140212113448_1251.jpg" Url="" AdImageSize="259*333" />
  <Ad Id="26" Type="image" Image="/templates/master/jiafang1200/UploadImage/advertimg/20140212113438_2465.jpg" Url="" AdImageSize="938*333" />
  <Ad Id="27" Type="image" Image="/templates/master/jiafang1200/UploadImage/advertimg/20140212113448_1251.jpg" Url="" AdImageSize="259*333" />
  <Ad Id="28" Type="image" Image="/templates/master/default/UploadImage/advertimg/20160810150832_4223.jpg" Url="" AdImageSize="220*290" />
  <Ad Id="29" Type="image" Image="/templates/master/default/UploadImage/advertimg/20160712094708_7186.jpg" Url="" AdImageSize="1180*90" />
  <Ad Id="30" Type="image" Image="/templates/master/default/UploadImage/advertimg/20160810115302_5053.jpg" Url="" AdImageSize="1180*90" />
  <Ad Id="31" Type="image" Image="/templates/master/default/UploadImage/advertimg/20160810115303_0522.jpg" Url="" AdImageSize="1180*90" />
  <Ad Id="32" Type="custom" Html="&amp;lt;p&amp;gt;&amp;lt;a href=&amp;quot;#&amp;quot; target=&amp;quot;_self&amp;quot; _href=&amp;quot;#&amp;quot;&amp;gt;&amp;lt;img src=&amp;quot;/Storage/template/20160713/6360400440920290511595028.jpg&amp;quot;/&amp;gt;&amp;lt;/a&amp;gt;&amp;lt;/p&amp;gt;&amp;lt;p&amp;gt;&amp;lt;br/&amp;gt;&amp;lt;/p&amp;gt;" />
  <Ad Id="33" Type="custom" Html="&amp;lt;p&amp;gt;&amp;lt;a href=&amp;quot;#&amp;quot; target=&amp;quot;_self&amp;quot; _href=&amp;quot;#&amp;quot;&amp;gt;&amp;lt;img src=&amp;quot;/Storage/template/20160713/6360400440920290511595028.jpg&amp;quot;/&amp;gt;&amp;lt;/a&amp;gt;&amp;lt;/p&amp;gt;&amp;lt;p&amp;gt;&amp;lt;br/&amp;gt;&amp;lt;/p&amp;gt;" />
  <Ad Id="23" Type="custom" Html="&amp;lt;div style=&amp;quot;background:#fe3f37;text-align:center;&amp;quot;&amp;gt;&#xA;	&amp;lt;img src=&amp;quot;/templates/master/jiafang1200/UploadImage/AdvertImg/20160331145919_8098.jpg&amp;quot; alt=&amp;quot;&amp;quot; /&amp;gt; &#xA;&amp;lt;/div&amp;gt;" />
</root>