﻿<?xml version="1.0" encoding="utf-8"?>
<root>
  <Ad Id="1" Type="slide" Image1="/templates/master/huwai/UploadImage/advertimg/20160816140406_4726.jpg" Image2="/templates/master/huwai/UploadImage/advertimg/20160816140406_4726.jpg" Image3="/templates/master/huwai/UploadImage/advertimg/20160816140406_4726.jpg" Image4="" Image5="" Image6="" Image7="" Image8="" Image9="" Image10="" Url1="" Url2="" Url3="" Url4="" Url5="" Url6="" Url7="" Url8="" Url9="" Url10="" AdImageSize="1920*600" />
  <Ad Id="2" Type="image" Image="/templates/master/default/UploadImage/advertimg/20160624170611_8374.jpg" Url="" AdImageSize="200*180" />
  <Ad Id="3" Type="image" Image="/templates/master/default/UploadImage/advertimg/20160623171012_3321.jpg" Url="" AdImageSize="280*180" />
  <Ad Id="4" Type="image" Image="/templates/master/default/UploadImage/advertimg/20160623171012_4021.jpg" Url="" AdImageSize="280*180" />
  <Ad Id="5" Type="image" Image="/templates/master/default/UploadImage/advertimg/20160623171012_4817.jpg" Url="" AdImageSize="280*180" />
  <Ad Id="6" Type="image" Image="/templates/master/default/UploadImage/advertimg/ad-06.jpg" Url="" AdImageSize="239*160" />
  <Ad Id="7" Type="image" Image="/templates/master/default/UploadImage/advertimg/20160623171012_2540.jpg" Url="" AdImageSize="280*180" />
  <Ad Id="8" Type="image" Image="/templates/master/default/UploadImage/advertimg/ad-08.jpg" Url="" AdImageSize="1180*90" />
  <Ad Id="9" Type="image" Image="/templates/master/default/UploadImage/advertimg/ad-09.jpg" Url="" AdImageSize="220*600" />
  <Ad Id="10" Type="image" Image="/templates/master/default/UploadImage/advertimg/20160810135733_3165.jpg" Url="" AdImageSize="220*600" />
  <Ad Id="11" Type="image" Image="/templates/master/default/UploadImage/advertimg/20160712094223_7750.jpg" Url="" AdImageSize="220*290" />
  <Ad Id="12" Type="image" Image="/templates/master/default/UploadImage/advertimg/20160810135213_4234.jpg" Url="" AdImageSize="220*290" />
  <Ad Id="13" Type="image" Image="/templates/master/default/UploadImage/advertimg/20160810140221_0697.jpg" Url="" AdImageSize="220*600" />
  <Ad Id="14" Type="image" Image="/templates/master/default/UploadImage/advertimg/20160810141607_3268.jpg" Url="" AdImageSize="220*600" />
  <Ad Id="15" Type="image" Image="/templates/master/default/UploadImage/advertimg/20160712094310_4592.jpg" Url="" AdImageSize="220*290" />
  <Ad Id="16" Type="image" Image="/templates/master/default/UploadImage/advertimg/20160712095405_0920.jpg" Url="" AdImageSize="1180*90" />
  <Ad Id="17" Type="image" Image="/templates/master/default/UploadImage/advertimg/20160810115302_7709.jpg" Url="" AdImageSize="1180*90" />
  <Ad Id="18" Type="image" Image="/templates/master/default/UploadImage/advertimg/20160712105248_9318.jpg" Url="" AdImageSize="440*340" />
  <Ad Id="19" Type="image" Image="/templates/master/default/UploadImage/advertimg/20160810135213_7046.jpg" Url="" AdImageSize="220*290" />
  <Ad Id="20" Type="image" Image="/templates/master/default/UploadImage/advertimg/20160810145726_7424.jpg" Url="" AdImageSize="220*135" />
  <Ad Id="21" Type="image" Image="/templates/master/default/UploadImage/advertimg/20160810145726_4143.jpg" Url="" AdImageSize="220*135" />
  <Ad Id="22" Type="image" Image="/templates/master/default/UploadImage/advertimg/20160810151040_4388.jpg" Url="" AdImageSize="220*290" />
  <Ad Id="23" Type="custom" Html="&amp;lt;div style=&amp;quot;background:#fe3f37;text-align:center;&amp;quot;&amp;gt;&#xA;	&amp;lt;img src=&amp;quot;/templates/master/default/UploadImage/AdvertImg/20160331145919_8098.jpg&amp;quot; alt=&amp;quot;&amp;quot; /&amp;gt; &#xA;&amp;lt;/div&amp;gt;" />
  <Ad Id="24" Type="image" Image="/templates/master/default/UploadImage/advertimg/20160810150944_7822.jpg" Url="" AdImageSize="220*290" />
  <Ad Id="25" Type="image" Image="/templates/master/default/UploadImage/advertimg/20160712094307_6263.jpg" Url="" AdImageSize="220*290" />
  <Ad Id="26" Type="image" Image="/templates/master/default/UploadImage/advertimg/20160712095826_4764.jpg" Url="" AdImageSize="220*135" />
  <Ad Id="27" Type="image" Image="/templates/master/default/UploadImage/advertimg/20160712095829_6315.jpg" Url="" AdImageSize="220*135" />
  <Ad Id="28" Type="image" Image="/templates/master/default/UploadImage/advertimg/20160810150832_4223.jpg" Url="" AdImageSize="220*290" />
  <Ad Id="29" Type="image" Image="/templates/master/default/UploadImage/advertimg/20160712094708_7186.jpg" Url="" AdImageSize="1180*90" />
  <Ad Id="30" Type="image" Image="/templates/master/default/UploadImage/advertimg/20160810115302_5053.jpg" Url="" AdImageSize="1180*90" />
  <Ad Id="31" Type="image" Image="/templates/master/default/UploadImage/advertimg/20160810115303_0522.jpg" Url="" AdImageSize="1180*90" />
  <Ad Id="32" Type="custom" Html="&amp;lt;p&amp;gt;&amp;lt;a href=&amp;quot;#&amp;quot; target=&amp;quot;_self&amp;quot; _href=&amp;quot;#&amp;quot;&amp;gt;&amp;lt;img src=&amp;quot;/Storage/template/20160713/6360400440920290511595028.jpg&amp;quot;/&amp;gt;&amp;lt;/a&amp;gt;&amp;lt;/p&amp;gt;&amp;lt;p&amp;gt;&amp;lt;br/&amp;gt;&amp;lt;/p&amp;gt;" />
  <Ad Id="33" Type="custom" Html="&amp;lt;p&amp;gt;&amp;lt;a href=&amp;quot;#&amp;quot; target=&amp;quot;_self&amp;quot; _href=&amp;quot;#&amp;quot;&amp;gt;&amp;lt;img src=&amp;quot;/Storage/template/20160713/6360400440920290511595028.jpg&amp;quot;/&amp;gt;&amp;lt;/a&amp;gt;&amp;lt;/p&amp;gt;&amp;lt;p&amp;gt;&amp;lt;br/&amp;gt;&amp;lt;/p&amp;gt;" />
  <!--huwai-->
  <Ad Id="34" Type="custom" Html="&amp;lt;p&amp;gt;手机商城&amp;lt;/p&amp;gt;&amp;lt;div class=&amp;quot;qrcode&amp;quot;&amp;gt;&amp;lt;img alt=&amp;quot;&amp;quot; title=&amp;quot;&amp;quot; src=&amp;quot;/templates/master/huwai/UploadImage/AdvertImg/t1.jpg&amp;quot; align=&amp;quot;&amp;quot;/&amp;gt;&amp;lt;/div&amp;gt;" />
  <Ad Id="35" Type="custom" Html="&amp;lt;ul&amp;gt;&#xA;    &amp;lt;li&amp;gt;&#xA;        &amp;lt;a href=&amp;quot;#&amp;quot;&amp;gt;&amp;lt;img alt=&amp;quot;&amp;quot; title=&amp;quot;&amp;quot; src=&amp;quot;/templates/master/huwai/UploadImage/AdvertImg/t3.jpg&amp;quot; align=&amp;quot;&amp;quot;/&amp;gt;&amp;lt;/a&amp;gt;&#xA;    &amp;lt;/li&amp;gt;&#xA;    &amp;lt;li&amp;gt;&#xA;        &amp;lt;a href=&amp;quot;#&amp;quot;&amp;gt;&amp;lt;img alt=&amp;quot;&amp;quot; title=&amp;quot;&amp;quot; src=&amp;quot;/templates/master/huwai/UploadImage/AdvertImg/t4.jpg&amp;quot; align=&amp;quot;&amp;quot;/&amp;gt;&amp;lt;/a&amp;gt;&#xA;    &amp;lt;/li&amp;gt;&#xA;    &amp;lt;li&amp;gt;&#xA;        &amp;lt;a href=&amp;quot;#&amp;quot;&amp;gt;&amp;lt;img alt=&amp;quot;&amp;quot; title=&amp;quot;&amp;quot; src=&amp;quot;/templates/master/huwai/UploadImage/AdvertImg/t5.jpg&amp;quot; align=&amp;quot;&amp;quot;/&amp;gt;&amp;lt;/a&amp;gt;&#xA;    &amp;lt;/li&amp;gt;&#xA;    &amp;lt;li&amp;gt;&#xA;        &amp;lt;a href=&amp;quot;#&amp;quot;&amp;gt;&amp;lt;img alt=&amp;quot;&amp;quot; title=&amp;quot;&amp;quot; src=&amp;quot;/templates/master/huwai/UploadImage/AdvertImg/t6.jpg&amp;quot; align=&amp;quot;&amp;quot;/&amp;gt;&amp;lt;/a&amp;gt;&#xA;    &amp;lt;/li&amp;gt;&#xA;    &amp;lt;li&amp;gt;&#xA;        &amp;lt;a href=&amp;quot;#&amp;quot;&amp;gt;&amp;lt;img alt=&amp;quot;&amp;quot; title=&amp;quot;&amp;quot; src=&amp;quot;/templates/master/huwai/UploadImage/AdvertImg/t7.jpg&amp;quot; align=&amp;quot;&amp;quot;/&amp;gt;&amp;lt;/a&amp;gt;&#xA;    &amp;lt;/li&amp;gt;&#xA;&amp;lt;/ul&amp;gt;" />
  <Ad Id="36" Type="custom" Html="&amp;lt;li&amp;gt;&#xA;	&amp;lt;a href=&amp;quot;#&amp;quot;&amp;gt; &#xA;	&amp;lt;div class=&amp;quot;pic1&amp;quot;&amp;gt;&#xA;		&amp;lt;img alt=&amp;quot;&amp;quot; title=&amp;quot;&amp;quot; src=&amp;quot;/templates/master/huwai/UploadImage/AdvertImg/t8.jpg&amp;quot; align=&amp;quot;&amp;quot; /&amp;gt; &#xA;	&amp;lt;/div&amp;gt;&#xA;	&amp;lt;div class=&amp;quot;pic2&amp;quot;&amp;gt;&#xA;		&amp;lt;img alt=&amp;quot;&amp;quot; title=&amp;quot;&amp;quot; src=&amp;quot;/templates/master/huwai/UploadImage/AdvertImg/t9.jpg&amp;quot; align=&amp;quot;&amp;quot; /&amp;gt; &#xA;	&amp;lt;/div&amp;gt;&#xA;&amp;lt;/a&amp;gt; &#xA;&amp;lt;/li&amp;gt;&#xA;&amp;lt;li&amp;gt;&#xA;	&amp;lt;a href=&amp;quot;#&amp;quot;&amp;gt; &#xA;	&amp;lt;div class=&amp;quot;pic1&amp;quot;&amp;gt;&#xA;		&amp;lt;img alt=&amp;quot;&amp;quot; title=&amp;quot;&amp;quot; src=&amp;quot;/templates/master/huwai/UploadImage/AdvertImg/t10.jpg&amp;quot; align=&amp;quot;&amp;quot; /&amp;gt; &#xA;	&amp;lt;/div&amp;gt;&#xA;	&amp;lt;div class=&amp;quot;pic2&amp;quot;&amp;gt;&#xA;		&amp;lt;img alt=&amp;quot;&amp;quot; title=&amp;quot;&amp;quot; src=&amp;quot;/templates/master/huwai/UploadImage/AdvertImg/t11.jpg&amp;quot; align=&amp;quot;&amp;quot; /&amp;gt; &#xA;	&amp;lt;/div&amp;gt;&#xA;&amp;lt;/a&amp;gt; &#xA;&amp;lt;/li&amp;gt;&#xA;&amp;lt;li&amp;gt;&#xA;	&amp;lt;a href=&amp;quot;#&amp;quot;&amp;gt; &#xA;	&amp;lt;div class=&amp;quot;pic1&amp;quot;&amp;gt;&#xA;		&amp;lt;img alt=&amp;quot;&amp;quot; title=&amp;quot;&amp;quot; src=&amp;quot;/templates/master/huwai/UploadImage/AdvertImg/t12.jpg&amp;quot; align=&amp;quot;&amp;quot; /&amp;gt; &#xA;	&amp;lt;/div&amp;gt;&#xA;	&amp;lt;div class=&amp;quot;pic2&amp;quot;&amp;gt;&#xA;		&amp;lt;img alt=&amp;quot;&amp;quot; title=&amp;quot;&amp;quot; src=&amp;quot;/templates/master/huwai/UploadImage/AdvertImg/t13.jpg&amp;quot; align=&amp;quot;&amp;quot; /&amp;gt; &#xA;	&amp;lt;/div&amp;gt;&#xA;&amp;lt;/a&amp;gt; &#xA;&amp;lt;/li&amp;gt;&#xA;&amp;lt;li style=&amp;quot;border-right:1px solid #959595;&amp;quot;&amp;gt;&#xA;	&amp;lt;a href=&amp;quot;#&amp;quot;&amp;gt; &#xA;	&amp;lt;div class=&amp;quot;pic1&amp;quot;&amp;gt;&#xA;		&amp;lt;img alt=&amp;quot;&amp;quot; title=&amp;quot;&amp;quot; src=&amp;quot;/templates/master/huwai/UploadImage/AdvertImg/t14.jpg&amp;quot; align=&amp;quot;&amp;quot; /&amp;gt; &#xA;	&amp;lt;/div&amp;gt;&#xA;	&amp;lt;div class=&amp;quot;pic2&amp;quot;&amp;gt;&#xA;		&amp;lt;img alt=&amp;quot;&amp;quot; title=&amp;quot;&amp;quot; src=&amp;quot;/templates/master/huwai/UploadImage/AdvertImg/t15.jpg&amp;quot; align=&amp;quot;&amp;quot; /&amp;gt; &#xA;	&amp;lt;/div&amp;gt;&#xA;&amp;lt;/a&amp;gt; &#xA;&amp;lt;/li&amp;gt;" />
  <Ad Id="37" Type="custom" Html="&amp;lt;div class=&amp;quot;mr_frUl&amp;quot;&amp;gt;&#xA;	&amp;lt;ul id=&amp;quot;mr_fu&amp;quot;&amp;gt;&#xA;		&amp;lt;li&amp;gt;&#xA;			&amp;lt;a href=&amp;quot;#&amp;quot;&amp;gt;&amp;lt;img alt=&amp;quot;&amp;quot; title=&amp;quot;&amp;quot; src=&amp;quot;/templates/master/huwai/UploadImage/AdvertImg/t17.jpg&amp;quot; align=&amp;quot;&amp;quot; /&amp;gt;&amp;lt;/a&amp;gt; &#xA;		&amp;lt;/li&amp;gt;&#xA;		&amp;lt;li&amp;gt;&#xA;			&amp;lt;a href=&amp;quot;#&amp;quot;&amp;gt;&amp;lt;img alt=&amp;quot;&amp;quot; title=&amp;quot;&amp;quot; src=&amp;quot;/templates/master/huwai/UploadImage/AdvertImg/t18.jpg&amp;quot; align=&amp;quot;&amp;quot; /&amp;gt;&amp;lt;/a&amp;gt; &#xA;		&amp;lt;/li&amp;gt;&#xA;		&amp;lt;li&amp;gt;&#xA;			&amp;lt;a href=&amp;quot;#&amp;quot;&amp;gt;&amp;lt;img alt=&amp;quot;&amp;quot; title=&amp;quot;&amp;quot; src=&amp;quot;/templates/master/huwai/UploadImage/AdvertImg/t19.jpg&amp;quot; align=&amp;quot;&amp;quot; /&amp;gt;&amp;lt;/a&amp;gt; &#xA;		&amp;lt;/li&amp;gt;&#xA;		&amp;lt;li&amp;gt;&#xA;			&amp;lt;a href=&amp;quot;#&amp;quot;&amp;gt;&amp;lt;img alt=&amp;quot;&amp;quot; title=&amp;quot;&amp;quot; src=&amp;quot;/templates/master/huwai/UploadImage/AdvertImg/t20.jpg&amp;quot; align=&amp;quot;&amp;quot; /&amp;gt;&amp;lt;/a&amp;gt; &#xA;		&amp;lt;/li&amp;gt;&#xA;	&amp;lt;/ul&amp;gt;&#xA;&amp;lt;/div&amp;gt;" />
  <Ad Id="38" Type="custom" Html="&amp;lt;p&amp;gt;&#xA;    &amp;lt;a href=&amp;quot;#&amp;quot;&amp;gt;&amp;lt;div style=&amp;quot;height:350px;background:url(Templates/master/huwai/UploadImage/AdvertImg/t16.jpg) center no-repeat;&amp;quot;&amp;gt;&amp;lt;/div&amp;gt;&amp;lt;/a&amp;gt;&#xA;&amp;lt;/p&amp;gt;" />
  <Ad Id="39" Type="custom" Html="&amp;lt;p&amp;gt;&amp;lt;img src=&amp;quot;/templates/master/huwai/UploadImage/AdvertImg/t36.png&amp;quot; alt=&amp;quot;&amp;quot;/&amp;gt;&amp;lt;/p&amp;gt;" />
  <Ad Id="40" Type="custom" Html="&amp;lt;p&amp;gt;&#xA;    &amp;lt;img src=&amp;quot;/templates/master/huwai/UploadImage/AdvertImg/t35.png&amp;quot; alt=&amp;quot;&amp;quot;/&amp;gt;&#xA;&amp;lt;/p&amp;gt;" />
  <Ad Id="41" Type="custom" Html="&amp;lt;div class=&amp;quot;mr_frUl&amp;quot;&amp;gt;&#xA;	&amp;lt;ul id=&amp;quot;mr_fu&amp;quot;&amp;gt;&#xA;		&amp;lt;li&amp;gt;&#xA;			&amp;lt;a href=&amp;quot;#&amp;quot;&amp;gt; &amp;lt;img alt=&amp;quot;&amp;quot; title=&amp;quot;&amp;quot; src=&amp;quot;/templates/master/huwai/UploadImage/AdvertImg/t29.jpg&amp;quot; align=&amp;quot;&amp;quot; /&amp;gt; &#xA;			&amp;lt;div class=&amp;quot;poplayer&amp;quot;&amp;gt;&#xA;				&amp;lt;div class=&amp;quot;bglayer&amp;quot;&amp;gt;&#xA;				&amp;lt;/div&amp;gt;&#xA;				&amp;lt;div class=&amp;quot;txtlayer&amp;quot;&amp;gt;&#xA;					户外运动源于19世纪60年代欧美的探险及科学考察,欧美等发达国家的户外运动旅游产业已经发展的相当成熟。&#xA;				&amp;lt;/div&amp;gt;&#xA;			&amp;lt;/div&amp;gt;&#xA;&amp;lt;/a&amp;gt; &#xA;		&amp;lt;/li&amp;gt;&#xA;		&amp;lt;li&amp;gt;&#xA;			&amp;lt;a href=&amp;quot;#&amp;quot;&amp;gt; &amp;lt;img alt=&amp;quot;&amp;quot; title=&amp;quot;&amp;quot; src=&amp;quot;/templates/master/huwai/UploadImage/AdvertImg/t30.jpg&amp;quot; align=&amp;quot;&amp;quot; /&amp;gt; &#xA;			&amp;lt;div class=&amp;quot;poplayer&amp;quot;&amp;gt;&#xA;				&amp;lt;div class=&amp;quot;bglayer&amp;quot;&amp;gt;&#xA;				&amp;lt;/div&amp;gt;&#xA;				&amp;lt;div class=&amp;quot;txtlayer&amp;quot;&amp;gt;&#xA;					户外运动源于19世纪60年代欧美的探险及科学考察,欧美等发达国家的户外运动旅游产业已经发展的相当成熟。&#xA;				&amp;lt;/div&amp;gt;&#xA;			&amp;lt;/div&amp;gt;&#xA;&amp;lt;/a&amp;gt; &#xA;		&amp;lt;/li&amp;gt;&#xA;		&amp;lt;li&amp;gt;&#xA;			&amp;lt;a href=&amp;quot;#&amp;quot;&amp;gt; &amp;lt;img alt=&amp;quot;&amp;quot; title=&amp;quot;&amp;quot; src=&amp;quot;/templates/master/huwai/UploadImage/AdvertImg/t31.jpg&amp;quot; align=&amp;quot;&amp;quot; /&amp;gt; &#xA;			&amp;lt;div class=&amp;quot;poplayer&amp;quot;&amp;gt;&#xA;				&amp;lt;div class=&amp;quot;bglayer&amp;quot;&amp;gt;&#xA;				&amp;lt;/div&amp;gt;&#xA;				&amp;lt;div class=&amp;quot;txtlayer&amp;quot;&amp;gt;&#xA;					户外运动源于19世纪60年代欧美的探险及科学考察,欧美等发达国家的户外运动旅游产业已经发展的相当成熟。&#xA;				&amp;lt;/div&amp;gt;&#xA;			&amp;lt;/div&amp;gt;&#xA;&amp;lt;/a&amp;gt; &#xA;		&amp;lt;/li&amp;gt;&#xA;		&amp;lt;li&amp;gt;&#xA;			&amp;lt;a href=&amp;quot;#&amp;quot;&amp;gt; &amp;lt;img alt=&amp;quot;&amp;quot; title=&amp;quot;&amp;quot; src=&amp;quot;/templates/master/huwai/UploadImage/AdvertImg/t32.jpg&amp;quot; align=&amp;quot;&amp;quot; /&amp;gt; &#xA;			&amp;lt;div class=&amp;quot;poplayer&amp;quot;&amp;gt;&#xA;				&amp;lt;div class=&amp;quot;bglayer&amp;quot;&amp;gt;&#xA;				&amp;lt;/div&amp;gt;&#xA;				&amp;lt;div class=&amp;quot;txtlayer&amp;quot;&amp;gt;&#xA;					户外运动源于19世纪60年代欧美的探险及科学考察,欧美等发达国家的户外运动旅游产业已经发展的相当成熟。&#xA;				&amp;lt;/div&amp;gt;&#xA;			&amp;lt;/div&amp;gt;&#xA;&amp;lt;/a&amp;gt; &#xA;		&amp;lt;/li&amp;gt;&#xA;	&amp;lt;/ul&amp;gt;&#xA;&amp;lt;/div&amp;gt;" />
  <Ad Id="42" Type="custom" Html="&amp;lt;img src=&amp;quot;/templates/master/huwai/UploadImage/AdvertImg/t33.jpg&amp;quot; alt=&amp;quot;&amp;quot; /&amp;gt;" />
  <Ad Id="43" Type="custom" Html="&amp;lt;img src=&amp;quot;/templates/master/huwai/UploadImage/AdvertImg/t34.jpg&amp;quot; alt=&amp;quot;&amp;quot; /&amp;gt;&amp;lt;br /&amp;gt;" />
</root>