﻿<?xml version="1.0" encoding="utf-8"?>
<root>
  <Ad Id="1" Type="custom" Html="&amp;lt;a href=&amp;quot;#&amp;quot;&amp;gt;收藏本站&amp;lt;/a&amp;gt;" />
  <Ad Id="2" Type="image" Image="/templates/master/botany/UploadImage/advertimg/20140318192751_4967.jpg" Url="" AdImageSize="134*28" />
  <Ad Id="3" Type="slide" Image1="/templates/master/botany/UploadImage/advertimg/20140108142921_8694.jpg" Image2="/templates/master/botany/UploadImage/advertimg/20140108142921_8694.jpg" Image3="/templates/master/botany/UploadImage/advertimg/20140108142921_8694.jpg" Image4="/templates/master/botany/UploadImage/advertimg/20140108142921_8694.jpg" Image5="" Image6="" Image7="" Image8="" Image9="" Image10="" Url1="" Url2="" Url3="" Url4="" Url5="" Url6="" Url7="" Url8="" Url9="" Url10="" AdImageSize="750*400" />
  <Ad Id="4" Type="image" Image="/templates/master/botany/UploadImage/advertimg/20140320193817_3368.jpg" Url="" AdImageSize="322*204" />
  <Ad Id="5" Type="image" Image="/templates/master/botany/UploadImage/advertimg/20140320193817_3368.jpg" Url="" AdImageSize="322*204" />
  <Ad Id="6" Type="image" Image="/templates/master/botany/UploadImage/advertimg/20140320193817_3368.jpg" Url="" AdImageSize="322*204" />
  <Ad Id="7" Type="image" Image="/templates/master/botany/UploadImage/advertimg/20140320223335_6664.jpg" Url="" AdImageSize="1200*90" />
  <Ad Id="8" Type="image" Image="/templates/master/botany/UploadImage/advertimg/20140323155818_5489.jpg" Url="" AdImageSize="204*276" />
  <Ad Id="9" Type="custom" Html="&amp;lt;img src=&amp;quot;/templates/master/botany/UploadImage/AdvertImg/20140323161210_7165.jpg&amp;quot; alt=&amp;quot;&amp;quot; border=&amp;quot;0&amp;quot; /&amp;gt;&amp;lt;img src=&amp;quot;/templates/master/botany/UploadImage/AdvertImg/20140323161217_1728.jpg&amp;quot; alt=&amp;quot;&amp;quot; border=&amp;quot;0&amp;quot; /&amp;gt;&amp;lt;img src=&amp;quot;/templates/master/botany/UploadImage/AdvertImg/20140323161222_7912.jpg&amp;quot; alt=&amp;quot;&amp;quot; border=&amp;quot;0&amp;quot; /&amp;gt;&amp;lt;img src=&amp;quot;/templates/master/botany/UploadImage/AdvertImg/20140323161228_9365.jpg&amp;quot; alt=&amp;quot;&amp;quot; border=&amp;quot;0&amp;quot; /&amp;gt;" />
  <Ad Id="10" Type="image" Image="/templates/master/botany/UploadImage/advertimg/20140323155818_5489.jpg" Url="" AdImageSize="204*276" />
  <Ad Id="11" Type="custom" Html="&amp;lt;img src=&amp;quot;/templates/master/botany/UploadImage/AdvertImg/20140323161210_7165.jpg&amp;quot; alt=&amp;quot;&amp;quot; border=&amp;quot;0&amp;quot; /&amp;gt;&amp;lt;img src=&amp;quot;/templates/master/botany/UploadImage/AdvertImg/20140323161217_1728.jpg&amp;quot; alt=&amp;quot;&amp;quot; border=&amp;quot;0&amp;quot; /&amp;gt;&amp;lt;img src=&amp;quot;/templates/master/botany/UploadImage/AdvertImg/20140323161222_7912.jpg&amp;quot; alt=&amp;quot;&amp;quot; border=&amp;quot;0&amp;quot; /&amp;gt;&amp;lt;img src=&amp;quot;/templates/master/botany/UploadImage/AdvertImg/20140323161228_9365.jpg&amp;quot; alt=&amp;quot;&amp;quot; border=&amp;quot;0&amp;quot; /&amp;gt;" />
  <Ad Id="12" Type="image" Image="/templates/master/botany/UploadImage/advertimg/20140323155818_5489.jpg" Url="" AdImageSize="204*276" />
  <Ad Id="13" Type="custom" Html="&amp;lt;img src=&amp;quot;/templates/master/botany/UploadImage/AdvertImg/20140323161210_7165.jpg&amp;quot; alt=&amp;quot;&amp;quot; border=&amp;quot;0&amp;quot; /&amp;gt;&amp;lt;img src=&amp;quot;/templates/master/botany/UploadImage/AdvertImg/20140323161217_1728.jpg&amp;quot; alt=&amp;quot;&amp;quot; border=&amp;quot;0&amp;quot; /&amp;gt;&amp;lt;img src=&amp;quot;/templates/master/botany/UploadImage/AdvertImg/20140323161222_7912.jpg&amp;quot; alt=&amp;quot;&amp;quot; border=&amp;quot;0&amp;quot; /&amp;gt;&amp;lt;img src=&amp;quot;/templates/master/botany/UploadImage/AdvertImg/20140323161228_9365.jpg&amp;quot; alt=&amp;quot;&amp;quot; border=&amp;quot;0&amp;quot; /&amp;gt;" />
  <Ad Id="14" Type="image" Image="/templates/master/botany/UploadImage/advertimg/20140323155818_5489.jpg" Url="" AdImageSize="204*276" />
  <Ad Id="15" Type="custom" Html="&amp;lt;img src=&amp;quot;/templates/master/botany/UploadImage/AdvertImg/20140323161210_7165.jpg&amp;quot; alt=&amp;quot;&amp;quot; border=&amp;quot;0&amp;quot; /&amp;gt;&amp;lt;img src=&amp;quot;/templates/master/botany/UploadImage/AdvertImg/20140323161217_1728.jpg&amp;quot; alt=&amp;quot;&amp;quot; border=&amp;quot;0&amp;quot; /&amp;gt;&amp;lt;img src=&amp;quot;/templates/master/botany/UploadImage/AdvertImg/20140323161222_7912.jpg&amp;quot; alt=&amp;quot;&amp;quot; border=&amp;quot;0&amp;quot; /&amp;gt;&amp;lt;img src=&amp;quot;/templates/master/botany/UploadImage/AdvertImg/20140323161228_9365.jpg&amp;quot; alt=&amp;quot;&amp;quot; border=&amp;quot;0&amp;quot; /&amp;gt;" />
  <Ad Id="16" Type="custom" Html="&amp;lt;p&amp;gt;手机商城&amp;lt;/p&amp;gt;&#xA;&amp;lt;img src=&amp;quot;/templates/master/botany/UploadImage/AdvertImg/20151113101257_5382.jpg&amp;quot; alt=&amp;quot;&amp;quot; /&amp;gt;" />
  <Ad Id="17" Type="custom" Html="&amp;lt;a href=&amp;quot;#&amp;quot; target=&amp;quot;_blank&amp;quot;&amp;gt;&amp;lt;img src=&amp;quot;/templates/master/botany/UploadImage/AdvertImg/20151111164040_7893.jpg&amp;quot; alt=&amp;quot;&amp;quot; /&amp;gt;&amp;lt;/a&amp;gt;" />
  <Ad Id="18" Type="slide" Image1="/Templates/master/botany/images/temp/banner-1920-600.jpg" Image2="/Templates/master/botany/images/temp/banner-1920-600.jpg" Image3="/Templates/master/botany/images/temp/banner-1920-600.jpg" Image4="/Templates/master/botany/images/temp/banner-1920-600.jpg" Image5="/Templates/master/botany/images/temp/banner-1920-600.jpg" Image6="" Image7="" Image8="" Image9="" Image10="" Url1="http://help.hishop.com.cn/" Url2="" Url3="" Url4="" Url5="" Url6="" Url7="" Url8="" Url9="" Url10="" AdImageSize="1920*600" />
  <Ad Id="19" Type="custom" Html="&amp;lt;img src=&amp;quot;/templates/master/botany/UploadImage/AdvertImg/20151112144430_8912.jpg&amp;quot; alt=&amp;quot;&amp;quot; /&amp;gt;" />
  <Ad Id="20" Type="custom" Html="&amp;lt;img src=&amp;quot;/templates/master/botany/UploadImage/AdvertImg/20151112144444_3221.jpg&amp;quot; alt=&amp;quot;&amp;quot; /&amp;gt;" />
  <Ad Id="21" Type="custom" Html="&amp;lt;img src=&amp;quot;/templates/master/botany/UploadImage/AdvertImg/20151112144458_8628.jpg&amp;quot; alt=&amp;quot;&amp;quot; /&amp;gt;" />
  <Ad Id="22" Type="custom" Html="&amp;lt;img src=&amp;quot;/templates/master/botany/UploadImage/AdvertImg/20151112144508_3437.jpg&amp;quot; alt=&amp;quot;&amp;quot; /&amp;gt;" />
  <Ad Id="23" Type="custom" Html="&lt;div style=&quot;background:#fe3f37;text-align:center;&quot;&gt;&lt;img src=&quot;/templates/master/default/UploadImage/AdvertImg/20160331145919_8098.jpg&quot; alt=&quot;&quot;/&gt; &lt;/div&gt;" />
  <Ad Id="24" Type="custom" Html="&amp;lt;a href=&amp;quot;#&amp;quot; target=&amp;quot;_blank&amp;quot;&amp;gt;&amp;lt;img src=&amp;quot;/templates/master/botany/UploadImage/AdvertImg/20151112152109_6823.jpg&amp;quot; alt=&amp;quot;&amp;quot; /&amp;gt;&amp;lt;/a&amp;gt;" />
  <Ad Id="25" Type="custom" Html="&amp;lt;li&amp;gt;&#xA;	&amp;lt;img src=&amp;quot;/templates/master/botany/UploadImage/AdvertImg/20151112152155_5186.jpg&amp;quot; alt=&amp;quot;&amp;quot; /&amp;gt;&amp;lt;a href=&amp;quot;#&amp;quot; target=&amp;quot;_blank&amp;quot;&amp;gt;点击购买&amp;lt;/a&amp;gt;&#xA;&amp;lt;/li&amp;gt;&#xA;&amp;lt;li&amp;gt;&#xA;	&amp;lt;img src=&amp;quot;/templates/master/botany/UploadImage/AdvertImg/20151112152155_6667.jpg&amp;quot; alt=&amp;quot;&amp;quot; /&amp;gt;&amp;lt;a href=&amp;quot;#&amp;quot; target=&amp;quot;_blank&amp;quot;&amp;gt;点击购买&amp;lt;/a&amp;gt;&#xA;&amp;lt;/li&amp;gt;&#xA;&amp;lt;li&amp;gt;&#xA;	&amp;lt;img src=&amp;quot;/templates/master/botany/UploadImage/AdvertImg/20151112152155_7605.jpg&amp;quot; alt=&amp;quot;&amp;quot; /&amp;gt;&amp;lt;a href=&amp;quot;#&amp;quot; target=&amp;quot;_blank&amp;quot;&amp;gt;点击购买&amp;lt;/a&amp;gt;&#xA;&amp;lt;/li&amp;gt;&#xA;&amp;lt;li&amp;gt;&#xA;	&amp;lt;img src=&amp;quot;/templates/master/botany/UploadImage/AdvertImg/20151112152155_8326.jpg&amp;quot; alt=&amp;quot;&amp;quot; /&amp;gt;&amp;lt;a href=&amp;quot;#&amp;quot; target=&amp;quot;_blank&amp;quot;&amp;gt;点击购买&amp;lt;/a&amp;gt;&#xA;&amp;lt;/li&amp;gt;&#xA;&amp;lt;li&amp;gt;&#xA;	&amp;lt;img src=&amp;quot;/templates/master/botany/UploadImage/AdvertImg/20151112152155_9546.jpg&amp;quot; alt=&amp;quot;&amp;quot; /&amp;gt;&amp;lt;a href=&amp;quot;#&amp;quot; target=&amp;quot;_blank&amp;quot;&amp;gt;点击购买&amp;lt;/a&amp;gt;&#xA;&amp;lt;/li&amp;gt;&#xA;&amp;lt;li&amp;gt;&#xA;	&amp;lt;img src=&amp;quot;/templates/master/botany/UploadImage/AdvertImg/20151112152156_0186.jpg&amp;quot; alt=&amp;quot;&amp;quot; /&amp;gt;&amp;lt;a href=&amp;quot;#&amp;quot; target=&amp;quot;_blank&amp;quot;&amp;gt;点击购买&amp;lt;/a&amp;gt;&#xA;&amp;lt;/li&amp;gt;" />
  <Ad Id="26" Type="custom" Html="&lt;p&gt;&lt;br/&gt;&lt;/p&gt;" />
  <Ad Id="27" Type="custom" Html="团购" />
  <Ad Id="28" Type="custom" Html="&amp;lt;i&amp;gt;线条误删（请在代码模式下编辑）&amp;lt;/i&amp;gt; &#xA;&amp;lt;h2&amp;gt;&#xA;	服务热线&#xA;&amp;lt;/h2&amp;gt;&#xA;&amp;lt;p&amp;gt;&#xA;	400-800-8000&#xA;&amp;lt;/p&amp;gt;" />
  <Ad Id="29" Type="custom" Html="&amp;lt;img src=&amp;quot;/templates/master/botany/UploadImage/AdvertImg/20151113153309_2414.png&amp;quot; alt=&amp;quot;&amp;quot; /&amp;gt; &#xA;&amp;lt;p&amp;gt;&#xA;	返回顶部&#xA;&amp;lt;/p&amp;gt;" />
  <Ad Id="30" Type="custom" Html="&lt;p&gt;&lt;a href=&quot;#&quot;&gt;客服中心&lt;/a&gt;&lt;/p&gt;&lt;p&gt;&lt;br/&gt;&lt;/p&gt;&lt;p&gt;&lt;br/&gt;&lt;/p&gt;" />
  <Ad Id="31" Type="custom" Html="分享到：" />
  <Ad Id="32" Type="custom" Html="&amp;lt;img src=&amp;quot;/templates/master/botany/UploadImage/AdvertImg/20160531165344_2240.jpg&amp;quot; alt=&amp;quot;&amp;quot; /&amp;gt;" />
</root>