﻿<?xml version="1.0" encoding="utf-8"?>
<root>
  <Ad Id="1" Type="slide" Image1="/templates/master/default/UploadImage/advertimg/20160509143551_3641.jpg" Image2="/templates/master/default/UploadImage/advertimg/20160523171359_0737.jpg" Image3="/templates/master/default/UploadImage/advertimg/20160524110253_4431.jpg" Image4="" Image5="" Image6="" Image7="" Image8="" Image9="" Image10="" Url1="" Url2="" Url3="" Url4="" Url5="" Url6="" Url7="" Url8="" Url9="" Url10="" AdImageSize="755*450" />
  <Ad Id="2" Type="image" Image="/templates/master/bgjj/UploadImage/advertimg/index_188.jpg" Url="" AdImageSize="225*48" />
  <Ad Id="3" Type="slide" Image1="/templates/master/bgjj/UploadImage/advertimg/20140729183931_1319.gif" Image2="/templates/master/bgjj/UploadImage/advertimg/20140729183931_1319.gif" Image3="/templates/master/bgjj/UploadImage/advertimg/20140729183931_1319.gif" Image4="/templates/master/bgjj/UploadImage/advertimg/20140729183931_1319.gif" Image5="/templates/master/bgjj/UploadImage/advertimg/20140729183931_1319.gif" Image6="/templates/master/bgjj/UploadImage/advertimg/20140729183931_1319.gif" Image7="" Image8="" Image9="" Image10="" Url1="" Url2="" Url3="" Url4="" Url5="" Url6="" Url7="" Url8="" Url9="" Url10="" AdImageSize="1200*300" />
  <Ad Id="4" Type="custom" Html="&amp;lt;img src=&amp;quot;/templates/master/bgjj/UploadImage/AdvertImg/20140723212918_7038.jpg&amp;quot; title=&amp;quot;bgjj_26&amp;quot; alt=&amp;quot;bgjj_26&amp;quot; border=&amp;quot;0&amp;quot; /&amp;gt;" />
  <Ad Id="5" Type="custom" Html="&amp;lt;table width=&amp;quot;100%&amp;quot; border=&amp;quot;0&amp;quot; cellspacing=&amp;quot;0&amp;quot; cellpadding=&amp;quot;0&amp;quot; class=&amp;quot;ke-zeroborder&amp;quot;&amp;gt;&#xA;  &amp;lt;tbody&amp;gt;&amp;lt;tr&amp;gt;&#xA;    &amp;lt;td&amp;gt;&amp;lt;img src=&amp;quot;/templates/master/bgjj/UploadImage/AdvertImg/20140723231617_4799.jpg&amp;quot; title=&amp;quot;bgjj_41&amp;quot; alt=&amp;quot;bgjj_41&amp;quot; border=&amp;quot;0&amp;quot; /&amp;gt;&amp;lt;/td&amp;gt;&#xA;    &amp;lt;td&amp;gt;&amp;lt;img src=&amp;quot;/templates/master/bgjj/UploadImage/AdvertImg/20140723231637_7221.jpg&amp;quot; title=&amp;quot;bgjj_43&amp;quot; alt=&amp;quot;bgjj_43&amp;quot; border=&amp;quot;0&amp;quot; /&amp;gt;&amp;lt;/td&amp;gt;&#xA;    &amp;lt;td&amp;gt;&amp;lt;img src=&amp;quot;/templates/master/bgjj/UploadImage/AdvertImg/20140723231647_1786.jpg&amp;quot; title=&amp;quot;bgjj_45&amp;quot; alt=&amp;quot;bgjj_45&amp;quot; border=&amp;quot;0&amp;quot; /&amp;gt;&amp;lt;/td&amp;gt;&#xA;    &amp;lt;td&amp;gt;&amp;lt;img src=&amp;quot;/templates/master/bgjj/UploadImage/AdvertImg/20140723231658_6813.jpg&amp;quot; title=&amp;quot;bgjj_47&amp;quot; alt=&amp;quot;bgjj_47&amp;quot; border=&amp;quot;0&amp;quot; /&amp;gt;&amp;lt;/td&amp;gt;&#xA;  &amp;lt;/tr&amp;gt;&#xA;&amp;lt;/tbody&amp;gt;&#xA;&amp;lt;/table&amp;gt;&#xA;&amp;lt;table width=&amp;quot;100%&amp;quot; style=&amp;quot;padding-top:10px;&amp;quot; border=&amp;quot;0&amp;quot; cellspacing=&amp;quot;0&amp;quot; cellpadding=&amp;quot;0&amp;quot; class=&amp;quot;ke-zeroborder&amp;quot;&amp;gt;&#xA;  &amp;lt;tbody&amp;gt;&amp;lt;tr&amp;gt;&#xA;    &amp;lt;td&amp;gt;&amp;lt;img src=&amp;quot;/templates/master/bgjj/UploadImage/AdvertImg/20140723231808_5483.jpg&amp;quot; title=&amp;quot;bgjj_52&amp;quot; alt=&amp;quot;bgjj_52&amp;quot; border=&amp;quot;0&amp;quot; /&amp;gt;&amp;lt;/td&amp;gt;&#xA;    &amp;lt;td&amp;gt;&amp;lt;img src=&amp;quot;/templates/master/bgjj/UploadImage/AdvertImg/20140723231817_1558.jpg&amp;quot; title=&amp;quot;bgjj_53&amp;quot; alt=&amp;quot;bgjj_53&amp;quot; border=&amp;quot;0&amp;quot; /&amp;gt;&amp;lt;/td&amp;gt;&#xA;    &amp;lt;td&amp;gt;&amp;lt;img src=&amp;quot;/templates/master/bgjj/UploadImage/AdvertImg/20140723231831_0886.jpg&amp;quot; title=&amp;quot;bgjj_55&amp;quot; alt=&amp;quot;bgjj_55&amp;quot; border=&amp;quot;0&amp;quot; /&amp;gt;&amp;lt;/td&amp;gt;&#xA;    &amp;lt;td&amp;gt;&amp;lt;img src=&amp;quot;/templates/master/bgjj/UploadImage/AdvertImg/20140723231852_9448.jpg&amp;quot; title=&amp;quot;bgjj_56&amp;quot; alt=&amp;quot;bgjj_56&amp;quot; border=&amp;quot;0&amp;quot; /&amp;gt;&amp;lt;/td&amp;gt;&#xA;  &amp;lt;/tr&amp;gt;&#xA;&amp;lt;/tbody&amp;gt;&#xA;&amp;lt;/table&amp;gt;" />
  <Ad Id="8" Type="image" Image="/templates/master/bgjj/UploadImage/advertimg/20140724225612_4663.jpg" Url="" AdImageSize="250*417" />
  <Ad Id="9" Type="image" Image="/templates/master/bgjj/UploadImage/advertimg/20140724231740_9650.jpg" Url="" AdImageSize="215*151" />
  <Ad Id="11" Type="slide" Image1="/Templates/master/bgjj/images/fangoppo_09.jpg" Image2="/Templates/master/bgjj/images/fangoppo_09.jpg" Image3="/Templates/master/bgjj/images/fangoppo_09.jpg" Image4="/Templates/master/bgjj/images/fangoppo_09.jpg" Image5="/Templates/master/bgjj/images/fangoppo_09.jpg" Image6="/Templates/master/bgjj/images/fangoppo_09.jpg" Image7="/templates/master/bgjj/UploadImage/advertimg/20140323210347_0322.jpg" Image8="/templates/master/bgjj/UploadImage/advertimg/index_160.jpg" Image9="" Image10="" Url1="https://demo.vshop.kuaidiantong.cn/Topics.aspx?TopicId=155" Url2="" Url3="" Url4="" Url5="" Url6="" Url7="http://" Url8="http://" Url9="" Url10="" AdImageSize="1920*400" />
  <Ad Id="16" Type="image" Image="/templates/master/default/UploadImage/advertimg/2.jpg" Url="" AdImageSize="210*90" />
  <Ad Id="19" Type="image" Image="/templates/master/default/UploadImage/advertimg/ad-08.jpg" Url="" AdImageSize="1200*110" />
  <Ad Id="20" Type="image" Image="/templates/master/default/UploadImage/advertimg/ad20.jpg" Url="" AdImageSize="195*45" />
  <Ad Id="22" Type="image" Image="/templates/master/default/UploadImage/advertimg/ad-09.jpg" Url="" AdImageSize="360*445" />
  <Ad Id="23" Type="custom" Html="&lt;div style=&quot;background:#fe3f37;text-align:center;width:100%;height:440px;&quot;&gt;&lt;img src=&quot;/templates/master/default/UploadImage/AdvertImg/20160331145919_8098.jpg&quot; alt=&quot;&quot;/&gt;&lt;/div&gt;" />
  <Ad Id="24" Type="image" Image="/templates/master/default/UploadImage/advertimg/ad-10.jpg" Url="" AdImageSize="385*220" />
  <Ad Id="25" Type="image" Image="/templates/master/default/UploadImage/advertimg/20141215173510_3348.png" Url="" AdImageSize="210*455" />
  <Ad Id="26" Type="image" Image="/templates/master/default/UploadImage/advertimg/20141215172613_9873.png" Url="" AdImageSize="210*455" />
  <Ad Id="27" Type="image" Image="/templates/master/default/UploadImage/advertimg/20150804194719_1093.png" Url="" AdImageSize="210*90" />
  <Ad Id="28" Type="image" Image="/templates/master/default/UploadImage/advertimg/20160315173553_2670.png" Url="" AdImageSize="180*65" />
  <Ad Id="29" Type="custom" Html="&amp;lt;div class=&amp;quot;list&amp;quot;&amp;gt;&#xA;	&amp;lt;a target=&amp;quot;_blank&amp;quot; href=&amp;quot;http://wpa.qq.com/msgrd?v=3&amp;amp;uin=123456&amp;amp;site=qq&amp;amp;menu=yes&amp;quot;&amp;gt; &amp;lt;img src=&amp;quot;http://wpa.qq.com/pa?p=2:123456:52&amp;quot; /&amp;gt; &amp;lt;em&amp;gt;客服老罗&amp;lt;/em&amp;gt;&amp;lt;/a&amp;gt; &#xA;&amp;lt;/div&amp;gt;&#xA;&amp;lt;div class=&amp;quot;list&amp;quot;&amp;gt;&#xA;	&amp;lt;a target=&amp;quot;_blank&amp;quot; href=&amp;quot;http://wpa.qq.com/msgrd?v=3&amp;amp;uin=123456&amp;amp;site=qq&amp;amp;menu=yes&amp;quot;&amp;gt; &amp;lt;img src=&amp;quot;http://wpa.qq.com/pa?p=2:123456:52&amp;quot; /&amp;gt; &amp;lt;em&amp;gt;客服小罗&amp;lt;/em&amp;gt; &amp;lt;/a&amp;gt; &#xA;&amp;lt;/div&amp;gt;" />
  <Ad Id="30" Type="custom" Html="&amp;lt;img src=&amp;quot;/templates/master/default/UploadImage/AdvertImg/20160418100121_4541.jpg&amp;quot; alt=&amp;quot;&amp;quot; /&amp;gt;&amp;lt;img src=&amp;quot;/templates/master/default/UploadImage/AdvertImg/20160418100121_6905.jpg&amp;quot; alt=&amp;quot;&amp;quot; /&amp;gt;&amp;lt;img src=&amp;quot;/templates/master/default/UploadImage/AdvertImg/20160418100121_9475.jpg&amp;quot; alt=&amp;quot;&amp;quot; /&amp;gt;" />
  <Ad Id="31" Type="custom" Html="&amp;lt;img src=&amp;quot;/templates/master/default/UploadImage/AdvertImg/20160316155855_3112.png&amp;quot; alt=&amp;quot;&amp;quot; /&amp;gt;&amp;lt;br /&amp;gt;" />
  <Ad Id="32" Type="custom" Html="订购热线：888-8888-555" />
  <Ad Id="33" Type="image" Image="/templates/master/bgjj/UploadImage/advertimg/20140724225612_4663.jpg" Url="" AdImageSize="250*417" />
  <Ad Id="34" Type="image" Image="/templates/master/bgjj/UploadImage/advertimg/20140724231740_9650.jpg" Url="" AdImageSize="215*151" />
  <Ad Id="35" Type="image" Image="/templates/master/bgjj/UploadImage/advertimg/20140724225612_4663.jpg" Url="" AdImageSize="250*417" />
  <Ad Id="36" Type="image" Image="/templates/master/bgjj/UploadImage/advertimg/20140724231740_9650.jpg" Url="" AdImageSize="215*151" />
  <Ad Id="37" Type="image" Image="/templates/master/bgjj/UploadImage/advertimg/20140724225612_4663.jpg" Url="" AdImageSize="250*417" />
  <Ad Id="38" Type="image" Image="/templates/master/bgjj/UploadImage/advertimg/20140724231740_9650.jpg" Url="" AdImageSize="215*151" />
</root>