﻿<?xml version="1.0" encoding="utf-8"?>
<root CategoryNum="1">
  <Menu Id="1" Title="商城资讯" DisplaySequence="2" Category="1" Url="/Articles" Where="" Visible="false" />
  <Menu Id="2" Title="限时抢购" DisplaySequence="9" Category="1" Url="/CountDownProducts" Where="" Visible="true" />
  <Menu Id="3" Title="团购" DisplaySequence="4" Category="1" Url="/GroupBuyProducts" Where="" Visible="true" />
  <Menu Id="5" Title="品牌专卖" DisplaySequence="7" Category="1" Url="/brand" Where="" Visible="true" />
  <Menu Id="6" Title="积分兑换" DisplaySequence="6" Category="1" Url="/OnlineGifts" Where="" Visible="true" />
  <Menu Id="11" Title="注册送礼" DisplaySequence="3" Category="3" Url="/RegisteredCoupons.aspx" Where="" Visible="true" />
  <Menu Id="12" Title="下架区" DisplaySequence="5" Category="1" Url="/ProductUnSales" Where="" Visible="true" />
  <Menu Id="13" Title="222" DisplaySequence="8" Category="1" Url="/ProductUnSales" Where="" Visible="true" />
  <Menu Id="14" Title="2222" DisplaySequence="9" Category="3" Url="http://demo.vshop.kuaidiantong.cn/Topics?TopicId=114" Where="" Visible="true" />
  <Menu Id="15" Title="22552" DisplaySequence="10" Category="1" Url="/ProductUnSales" Where="" Visible="true" />
</root>