﻿<?xml version="1.0" encoding="utf-8"?>
<root>
  <Ad Id="1" Type="custom" Html="&amp;lt;a href=&amp;quot;#&amp;quot;&amp;gt;收藏本站&amp;lt;/a&amp;gt;" />
  <Ad Id="2" Type="image" Image="/templates/master/fangmeilele/UploadImage/advertimg/20140707090305_4641.jpg" Url="" AdImageSize="134*28" />
  <Ad Id="3" Type="custom" Html="&amp;lt;a class=&amp;quot;jiathis_button_qzone&amp;quot;&amp;gt;&amp;lt;/a&amp;gt;                             &amp;lt;a class=&amp;quot;jiathis_button_tsina&amp;quot;&amp;gt;&amp;lt;/a&amp;gt;                             &amp;lt;a class=&amp;quot;jiathis_button_tqq&amp;quot;&amp;gt;&amp;lt;/a&amp;gt;" />
  <Ad Id="4" Type="custom" Html="&amp;lt;a href=&amp;quot;#&amp;quot;&amp;gt;装修效果图&amp;lt;/a&amp;gt;&amp;lt;a href=&amp;quot;#&amp;quot;&amp;gt;家装&amp;lt;/a&amp;gt;&amp;lt;a href=&amp;quot;#&amp;quot;&amp;gt;家装&amp;lt;/a&amp;gt;" />
  <Ad Id="5" Type="slide" Image1="/templates/master/fangmeilele/UploadImage/advertimg/20140108142921_8694.jpg" Image2="/templates/master/fangmeilele/UploadImage/advertimg/20140108142921_8694.jpg" Image3="/templates/master/fangmeilele/UploadImage/advertimg/20140108142921_8694.jpg" Image4="/templates/master/fangmeilele/UploadImage/advertimg/20140108142921_8694.jpg" Image5="" Image6="" Image7="" Image8="" Image9="" Image10="" Url1="" Url2="" Url3="" Url4="" Url5="" Url6="" Url7="" Url8="" Url9="" Url10="" AdImageSize="750*400" />
  <Ad Id="5" Type="image" Image="/templates/master/fangmeilele/UploadImage/advertimg/20140606172111_4747.jpg" Url="" AdImageSize="322*204" />
  <Ad Id="6" Type="image" Image="/templates/master/fangmeilele/UploadImage/advertimg/20140611101734_0817.jpg" Url="" AdImageSize="322*204" />
  <Ad Id="7" Type="image" Image="/templates/master/fangmeilele/UploadImage/advertimg/20140320193817_3368.jpg" Url="" AdImageSize="322*204" />
  <Ad Id="8" Type="image" Image="/templates/master/fangmeilele/UploadImage/advertimg/20140611101747_5104.jpg" Url="" AdImageSize="1200*90" />
  <Ad Id="9" Type="custom" Html="&amp;lt;img src=&amp;quot;/templates/master/fangmeilele/UploadImage/AdvertImg/20140608134341_5951.jpg&amp;quot; alt=&amp;quot;&amp;quot; border=&amp;quot;0&amp;quot; /&amp;gt;&amp;lt;img src=&amp;quot;/templates/master/fangmeilele/UploadImage/AdvertImg/20140608134352_0877.jpg&amp;quot; alt=&amp;quot;&amp;quot; border=&amp;quot;0&amp;quot; /&amp;gt;&amp;lt;img src=&amp;quot;/templates/master/fangmeilele/UploadImage/AdvertImg/20140608134359_2171.jpg&amp;quot; alt=&amp;quot;&amp;quot; border=&amp;quot;0&amp;quot; /&amp;gt;" />
  <Ad Id="10" Type="custom" Html="&amp;lt;img src=&amp;quot;/templates/master/fangmeilele/UploadImage/AdvertImg/20140609105110_2393.jpg&amp;quot; alt=&amp;quot;&amp;quot; border=&amp;quot;0&amp;quot; /&amp;gt;&amp;lt;img src=&amp;quot;/templates/master/fangmeilele/UploadImage/AdvertImg/20140609105119_6148.jpg&amp;quot; alt=&amp;quot;&amp;quot; border=&amp;quot;0&amp;quot; /&amp;gt;&amp;lt;img src=&amp;quot;/templates/master/fangmeilele/UploadImage/AdvertImg/20140609105128_4793.jpg&amp;quot; alt=&amp;quot;&amp;quot; border=&amp;quot;0&amp;quot; /&amp;gt;" />
  <Ad Id="11" Type="slide" Image1="/templates/master/fangmeilele/images/fmml/banner.jpg" Image2="/templates/master/fangmeilele/images/fmml/banner.jpg" Image3="/templates/master/fangmeilele/images/fmml/banner.jpg" Image4="" Image5="" Image6="" Image7="" Image8="" Image9="" Image10="" Url1="" Url2="" Url3="" Url4="" Url5="" Url6="" Url7="" Url8="" Url9="" Url10="" AdImageSize="1920*487" />
  <Ad Id="12" Type="image" Image="/templates/master/fangmeilele/UploadImage/advertimg/20140323155818_5489.jpg" Url="" AdImageSize="204*276" />
  <Ad Id="13" Type="custom" Html="&amp;lt;img src=&amp;quot;/templates/master/fangmeilele/UploadImage/AdvertImg/20140609105141_6471.jpg&amp;quot; alt=&amp;quot;&amp;quot; border=&amp;quot;0&amp;quot; /&amp;gt;&amp;lt;img src=&amp;quot;/templates/master/fangmeilele/UploadImage/AdvertImg/20140609105150_7076.jpg&amp;quot; alt=&amp;quot;&amp;quot; border=&amp;quot;0&amp;quot; /&amp;gt;&amp;lt;img src=&amp;quot;/templates/master/fangmeilele/UploadImage/AdvertImg/20140609105500_5284.jpg&amp;quot; alt=&amp;quot;&amp;quot; border=&amp;quot;0&amp;quot; /&amp;gt;" />
  <Ad Id="14" Type="image" Image="/templates/master/fangmeilele/UploadImage/advertimg/20140323155818_5489.jpg" Url="" AdImageSize="204*276" />
  <Ad Id="15" Type="custom" Html="&amp;lt;img src=&amp;quot;/templates/master/fangmeilele/UploadImage/AdvertImg/20140609105219_3402.jpg&amp;quot; alt=&amp;quot;&amp;quot; border=&amp;quot;0&amp;quot; /&amp;gt;&amp;lt;img src=&amp;quot;/templates/master/fangmeilele/UploadImage/AdvertImg/20140609105229_9408.jpg&amp;quot; alt=&amp;quot;&amp;quot; border=&amp;quot;0&amp;quot; /&amp;gt;&amp;lt;img src=&amp;quot;/templates/master/fangmeilele/UploadImage/AdvertImg/20140609105550_4753.jpg&amp;quot; alt=&amp;quot;&amp;quot; border=&amp;quot;0&amp;quot; /&amp;gt;" />
  <Ad Id="16" Type="image" Image="/templates/master/fangmeilele/UploadImage/advertimg/20140611101734_0817.jpg" Url="" AdImageSize="204*276" />
  <Ad Id="17" Type="custom" Html="&amp;lt;img src=&amp;quot;/templates/master/fangmeilele/UploadImage/AdvertImg/20140608124858_9041.jpg&amp;quot; alt=&amp;quot;&amp;quot; border=&amp;quot;0&amp;quot; /&amp;gt;&amp;lt;img src=&amp;quot;/templates/master/fangmeilele/UploadImage/AdvertImg/20140608124903_9334.jpg&amp;quot; alt=&amp;quot;&amp;quot; border=&amp;quot;0&amp;quot; /&amp;gt;&amp;lt;img src=&amp;quot;/templates/master/fangmeilele/UploadImage/AdvertImg/20140608124909_2627.jpg&amp;quot; alt=&amp;quot;&amp;quot; border=&amp;quot;0&amp;quot; /&amp;gt;&amp;lt;img src=&amp;quot;/templates/master/fangmeilele/UploadImage/AdvertImg/20140608124915_7021.jpg&amp;quot; alt=&amp;quot;&amp;quot; border=&amp;quot;0&amp;quot; /&amp;gt;&amp;lt;img src=&amp;quot;/templates/master/fangmeilele/UploadImage/AdvertImg/20140608125101_1261.jpg&amp;quot; alt=&amp;quot;&amp;quot; border=&amp;quot;0&amp;quot; /&amp;gt;&amp;lt;img src=&amp;quot;/templates/master/fangmeilele/UploadImage/AdvertImg/20140609095314_6075.jpg&amp;quot; alt=&amp;quot;&amp;quot; border=&amp;quot;0&amp;quot; /&amp;gt;&amp;lt;img src=&amp;quot;/templates/master/fangmeilele/UploadImage/AdvertImg/20140608125123_7974.jpg&amp;quot; alt=&amp;quot;&amp;quot; border=&amp;quot;0&amp;quot; /&amp;gt;&amp;lt;img src=&amp;quot;/templates/master/fangmeilele/UploadImage/AdvertImg/20140608125130_0118.jpg&amp;quot; alt=&amp;quot;&amp;quot; border=&amp;quot;0&amp;quot; /&amp;gt;" />
  <Ad Id="20" Type="image" Image="/templates/master/fangmeilele/UploadImage/advertimg/20140611101724_2051.jpg" Url="" AdImageSize="204*276" />
  <Ad Id="498" Type="custom" Html="&amp;lt;img src=&amp;quot;/templates/master/fangmeilele/UploadImage/AdvertImg/20140324194241_6398.jpg&amp;quot; alt=&amp;quot;&amp;quot; border=&amp;quot;0&amp;quot; /&amp;gt;" />
  <Ad Id="499" Type="custom" Html="&amp;lt;img border=&amp;quot;0&amp;quot; alt=&amp;quot;&amp;quot; src=&amp;quot;/templates/master/fangmeilele/UploadImage/AdvertImg/20140324194241_6398.jpg&amp;quot; /&amp;gt;" />
  <Ad Id="500" Type="image" Image="/templates/master/fangmeilele/UploadImage/advertimg/20140323210347_0322.jpg" Url="" AdImageSize="204*276" />
  <Ad Id="18" Type="custom" Html="111" />
  <Ad Id="19" Type="custom" Html="&amp;lt;img src=&amp;quot;/templates/master/fangmeilele/UploadImage/AdvertImg/20140701094828_2650.jpg&amp;quot; alt=&amp;quot;&amp;quot; border=&amp;quot;0&amp;quot; /&amp;gt;&amp;lt;br /&amp;gt;" />
  <Ad Id="21" Type="image" Image="/templates/master/fangmeilele/UploadImage/advertimg/20140609105128_4793.jpg" Url="" AdImageSize="240*350" />
  <Ad Id="23" Type="custom" Html="&amp;lt;div style=&amp;quot;background:#fe3f37;text-align:center;&amp;quot;&amp;gt;&#xA;	&amp;lt;img src=&amp;quot;/templates/master/default/UploadImage/AdvertImg/20160331145919_8098.jpg&amp;quot; alt=&amp;quot;&amp;quot; /&amp;gt; &#xA;&amp;lt;/div&amp;gt;" />
</root>