﻿<?xml version="1.0" encoding="utf-8"?>
<root>
  <Ad Id="1" Type="custom" Html="&amp;lt;img src=&amp;quot;/templates/master/qwang/UploadImage/AdvertImg/20140625220038_2615.gif&amp;quot; title=&amp;quot;qguo_05&amp;quot; alt=&amp;quot;qguo_05&amp;quot; border=&amp;quot;0&amp;quot; /&amp;gt;" />
  <Ad Id="2" Type="image" Image="/templates/master/default/UploadImage/advertimg/20160520170418_0740.png" Url="" AdImageSize="230*220" />
  <Ad Id="3" Type="image" Image="/templates/master/default/UploadImage/advertimg/ad-03.jpg" Url="" AdImageSize="239*160" />
  <Ad Id="4" Type="image" Image="/templates/master/default/UploadImage/advertimg/ad-04.jpg" Url="" AdImageSize="239*160" />
  <Ad Id="5" Type="image" Image="/templates/master/default/UploadImage/advertimg/ad-05.jpg" Url="" AdImageSize="239*160" />
  <Ad Id="6" Type="image" Image="/templates/master/default/UploadImage/advertimg/ad-06.jpg" Url="" AdImageSize="239*160" />
  <Ad Id="7" Type="image" Image="/templates/master/default/UploadImage/advertimg/ad-07.jpg" Url="" AdImageSize="239*160" />
  <Ad Id="8" Type="image" Image="/templates/master/default/UploadImage/advertimg/ad-08.jpg" Url="" AdImageSize="1200*100" />
  <Ad Id="9" Type="image" Image="/templates/master/default/UploadImage/advertimg/ad-09.jpg" Url="" AdImageSize="360*445" />
  <Ad Id="10" Type="image" Image="/templates/master/default/UploadImage/advertimg/20160523095124_9304.jpg" Url="" AdImageSize="360*445" />
  <Ad Id="11" Type="slide" Image1="/templates/master/qwang/images/qwang/banner.jpg" Image2="/templates/master/qwang/images/qwang/banner.jpg" Image3="/templates/master/qwang/images/qwang/banner.jpg" Image4="" Image5="" Image6="" Image7="" Image8="" Image9="" Image10="" Url1="" Url2="" Url3="" Url4="" Url5="" Url6="" Url7="" Url8="" Url9="" Url10="" AdImageSize="1920*400" />
  <Ad Id="12" Type="image" Image="/templates/master/default/UploadImage/advertimg/20160523095148_0399.jpg" Url="" AdImageSize="360*445" />
  <Ad Id="13" Type="image" Image="/templates/master/default/UploadImage/advertimg/20160523095236_0714.jpg" Url="" AdImageSize="360*445" />
  <Ad Id="14" Type="image" Image="/templates/master/default/UploadImage/advertimg/20160523095258_3841.jpg" Url="" AdImageSize="360*445" />
  <Ad Id="15" Type="image" Image="/templates/master/default/UploadImage/advertimg/20160523095324_9155.jpg" Url="" AdImageSize="360*445" />
  <Ad Id="16" Type="image" Image="/templates/master/qwang/UploadImage/advertimg/20160527173904_4922.jpg" Url="" AdImageSize="210*90" />
  <Ad Id="17" Type="custom" Html="&amp;lt;li&amp;gt;&amp;lt;img src=&amp;quot;/templates/master/qwang/UploadImage/AdvertImg/20140625225833_3463.gif&amp;quot; title=&amp;quot;qguo_17&amp;quot; alt=&amp;quot;qguo_17&amp;quot; border=&amp;quot;0&amp;quot; /&amp;gt;&amp;lt;/li&amp;gt;&#xA;&amp;lt;li&amp;gt;&amp;lt;img src=&amp;quot;/templates/master/qwang/UploadImage/AdvertImg/20140625225839_5787.gif&amp;quot; title=&amp;quot;qguo_19&amp;quot; alt=&amp;quot;qguo_19&amp;quot; border=&amp;quot;0&amp;quot; /&amp;gt;&amp;lt;/li&amp;gt;&#xA;&amp;lt;li&amp;gt;&amp;lt;img src=&amp;quot;/templates/master/qwang/UploadImage/AdvertImg/20140625225846_3581.gif&amp;quot; title=&amp;quot;qguo_21&amp;quot; alt=&amp;quot;qguo_21&amp;quot; border=&amp;quot;0&amp;quot; /&amp;gt;&amp;lt;/li&amp;gt;&#xA;&amp;lt;li&amp;gt;&amp;lt;img src=&amp;quot;/templates/master/qwang/UploadImage/AdvertImg/20140625225833_3463.gif&amp;quot; title=&amp;quot;qguo_17&amp;quot; alt=&amp;quot;qguo_17&amp;quot; border=&amp;quot;0&amp;quot; /&amp;gt;&amp;lt;/li&amp;gt;&#xA;&amp;lt;li&amp;gt;&amp;lt;img src=&amp;quot;/templates/master/qwang/UploadImage/AdvertImg/20140625225839_5787.gif&amp;quot; title=&amp;quot;qguo_19&amp;quot; alt=&amp;quot;qguo_19&amp;quot; border=&amp;quot;0&amp;quot; /&amp;gt;&amp;lt;/li&amp;gt;&#xA;&amp;lt;li&amp;gt;&amp;lt;img src=&amp;quot;/templates/master/qwang/UploadImage/AdvertImg/20140625225846_3581.gif&amp;quot; title=&amp;quot;qguo_21&amp;quot; alt=&amp;quot;qguo_21&amp;quot; border=&amp;quot;0&amp;quot; /&amp;gt;&amp;lt;/li&amp;gt;" />
  <Ad Id="18" Type="custom" Html="精品推荐" />
  <Ad Id="19" Type="custom" Html="&amp;lt;table width=&amp;quot;100%&amp;quot; border=&amp;quot;0&amp;quot; cellspacing=&amp;quot;0&amp;quot; cellpadding=&amp;quot;0&amp;quot; class=&amp;quot;ke-zeroborder&amp;quot;&amp;gt;&#xA;  &amp;lt;tbody&amp;gt;&amp;lt;tr&amp;gt;&#xA;    &amp;lt;td rowspan=&amp;quot;2&amp;quot; align=&amp;quot;center&amp;quot; valign=&amp;quot;middle&amp;quot;&amp;gt;&amp;amp;nbsp;&amp;lt;img src=&amp;quot;/templates/master/qwang/UploadImage/AdvertImg/20140626174718_7017.gif&amp;quot; title=&amp;quot;qguo_35&amp;quot; alt=&amp;quot;qguo_35&amp;quot; border=&amp;quot;0&amp;quot; /&amp;gt;&amp;lt;/td&amp;gt;&#xA;    &amp;lt;td rowspan=&amp;quot;2&amp;quot; align=&amp;quot;center&amp;quot; valign=&amp;quot;middle&amp;quot;&amp;gt;&amp;lt;img src=&amp;quot;/templates/master/qwang/UploadImage/AdvertImg/20140626174731_6184.gif&amp;quot; title=&amp;quot;qguo_37&amp;quot; alt=&amp;quot;qguo_37&amp;quot; border=&amp;quot;0&amp;quot; /&amp;gt;&amp;amp;nbsp;&amp;lt;/td&amp;gt;&#xA;    &amp;lt;td align=&amp;quot;center&amp;quot; valign=&amp;quot;middle&amp;quot;&amp;gt;&amp;lt;img src=&amp;quot;/templates/master/qwang/UploadImage/AdvertImg/20140626174746_5523.gif&amp;quot; title=&amp;quot;qguo_39&amp;quot; alt=&amp;quot;qguo_39&amp;quot; border=&amp;quot;0&amp;quot; /&amp;gt;&amp;amp;nbsp;&amp;lt;/td&amp;gt;&#xA;    &amp;lt;td align=&amp;quot;center&amp;quot; valign=&amp;quot;middle&amp;quot;&amp;gt;&amp;amp;nbsp;&amp;lt;img src=&amp;quot;/templates/master/qwang/UploadImage/AdvertImg/20140626174802_1371.gif&amp;quot; title=&amp;quot;qguo_41&amp;quot; alt=&amp;quot;qguo_41&amp;quot; border=&amp;quot;0&amp;quot; /&amp;gt;&amp;lt;/td&amp;gt;&#xA;  &amp;lt;/tr&amp;gt;&#xA;  &amp;lt;tr&amp;gt;&#xA;    &amp;lt;td align=&amp;quot;center&amp;quot; valign=&amp;quot;middle&amp;quot;&amp;gt;&amp;lt;img src=&amp;quot;/templates/master/qwang/UploadImage/AdvertImg/20140626174817_0650.gif&amp;quot; title=&amp;quot;qguo_45&amp;quot; alt=&amp;quot;qguo_45&amp;quot; border=&amp;quot;0&amp;quot; /&amp;gt;&amp;amp;nbsp;&amp;lt;/td&amp;gt;&#xA;    &amp;lt;td align=&amp;quot;center&amp;quot; valign=&amp;quot;middle&amp;quot;&amp;gt;&amp;lt;img src=&amp;quot;/templates/master/qwang/UploadImage/AdvertImg/20140626174830_9618.gif&amp;quot; title=&amp;quot;qguo_46&amp;quot; alt=&amp;quot;qguo_46&amp;quot; border=&amp;quot;0&amp;quot; /&amp;gt;&amp;amp;nbsp;&amp;lt;/td&amp;gt;&#xA;  &amp;lt;/tr&amp;gt;&#xA;&amp;lt;/tbody&amp;gt;&#xA;&amp;lt;/table&amp;gt;" />
  <Ad Id="20" Type="image" Image="/templates/master/qwang/UploadImage/advertimg/20140627175356_6934.gif" Url="" AdImageSize="245*334" />
  <Ad Id="21" Type="image" Image="/templates/master/qwang/UploadImage/advertimg/20160527174505_3558.gif" Url="" AdImageSize="1200*110" />
  <Ad Id="22" Type="image" Image="/templates/master/qwang/UploadImage/advertimg/20140627175916_3277.gif" Url="" AdImageSize="945*334" />
  <Ad Id="23" Type="custom" Html="&amp;lt;div style=&amp;quot;background:#fe3f37;text-align:center;&amp;quot;&amp;gt;&#xA;	&amp;lt;img src=&amp;quot;/templates/master/default/UploadImage/AdvertImg/20160331145919_8098.jpg&amp;quot; alt=&amp;quot;&amp;quot; /&amp;gt; &#xA;&amp;lt;/div&amp;gt;" />
  <Ad Id="24" Type="image" Image="/templates/master/qwang/UploadImage/advertimg/20140627175916_3277.gif" Url="" AdImageSize="945*334" />
  <Ad Id="25" Type="image" Image="/templates/master/qwang/UploadImage/advertimg/20140627175356_6934.gif" Url="" AdImageSize="245*334" />
  <Ad Id="26" Type="image" Image="/templates/master/qwang/UploadImage/advertimg/20140627175916_3277.gif" Url="" AdImageSize="945*334" />
  <Ad Id="27" Type="image" Image="/templates/master/qwang/UploadImage/advertimg/20140627175356_6934.gif" Url="" AdImageSize="245*334" />
  <Ad Id="28" Type="image" Image="/templates/master/qwang/UploadImage/advertimg/20140627175916_3277.gif" Url="" AdImageSize="945*334" />
  <Ad Id="29" Type="image" Image="/templates/master/qwang/UploadImage/advertimg/20140627175356_6934.gif" Url="" AdImageSize="245*334" />
  <Ad Id="30" Type="custom" Html="&amp;lt;img src=&amp;quot;/templates/master/default/UploadImage/AdvertImg/20160418100121_4541.jpg&amp;quot; alt=&amp;quot;&amp;quot; /&amp;gt;&amp;lt;img src=&amp;quot;/templates/master/default/UploadImage/AdvertImg/20160418100121_6905.jpg&amp;quot; alt=&amp;quot;&amp;quot; /&amp;gt;&amp;lt;img src=&amp;quot;/templates/master/default/UploadImage/AdvertImg/20160418100121_9475.jpg&amp;quot; alt=&amp;quot;&amp;quot; /&amp;gt;" />
  <Ad Id="31" Type="custom" Html="&amp;lt;img src=&amp;quot;/templates/master/default/UploadImage/AdvertImg/20160316155855_3112.png&amp;quot; alt=&amp;quot;&amp;quot; /&amp;gt;&amp;lt;br /&amp;gt;" />
</root>