﻿<?xml version="1.0" encoding="utf-8"?>
<root>
  <Comment Id="1" Type="keyword" CategoryId="" MaxNum="8" />
  <Comment Id="2" Type="brand" CategoryId="" IsShowLogo="true" IsShowTitle="true" MaxNum="12" ImageSize="100*44" />
  <Comment Id="3" Type="title" Title="1F    珠宝手表" ImageTitle="" TitleImageSize="28*36" />
  <Comment Id="4" Type="keyword" CategoryId="" MaxNum="8" />
  <Comment Id="5" Type="morelink" Title="查看更多&gt;&gt;" CategoryId="309" />
  <Comment Id="6" Type="category" CategoryId="309" MaxNum="18" />
  <Comment Id="7" Type="title" Title="2F    珠宝手表" ImageTitle="" TitleImageSize="28*36" />
  <Comment Id="8" Type="keyword" CategoryId="" MaxNum="8" />
  <Comment Id="9" Type="morelink" Title="查看更多" CategoryId="309" />
  <Comment Id="10" Type="category" CategoryId="37" MaxNum="18" />
  <Comment Id="11" Type="title" Title="3F    珠宝手表" ImageTitle="" TitleImageSize="28*36" />
  <Comment Id="12" Type="keyword" CategoryId="" MaxNum="8" />
  <Comment Id="13" Type="morelink" Title="查看更多" CategoryId="309" />
  <Comment Id="14" Type="category" CategoryId="37" MaxNum="18" />
  <Comment Id="15" Type="title" Title="4F    珠宝手表" ImageTitle="" TitleImageSize="28*36" />
  <Comment Id="16" Type="keyword" CategoryId="" MaxNum="8" />
  <Comment Id="17" Type="morelink" Title="查看更多" CategoryId="309" />
<Comment Id="18" Type="brand" CategoryId="" IsShowLogo="true" IsShowTitle="true" MaxNum="12" ImageSize="118*40" />
  <Comment Id="19" Type="article" Title="时尚资讯" ImageTitle="" AdImage="/templates/master/default/UploadImage/advertimg/20130911162752_6589.jpg" CategoryId="" MaxNum="10" TitleImageSize="200*15" AdImageSize="150*98" />
  <Comment Id="30" Type="brand" CategoryId="" IsShowLogo="true" IsShowTitle="false" MaxNum="10" ImageSize="118*34" />
</root>