﻿<?xml version="1.0" encoding="utf-8"?>
<root>
  <Ad Id="1" Type="image" Image="/templates/master/simple/UploadImage/advertimg/20131008152902_6219.jpg" Url="" AdImageSize="628*430" />
  <Ad Id="2" Type="custom" Html="400-123-789" />
  <Ad Id="3" Type="custom" Html="关注我们：&amp;lt;a href=&amp;quot;#&amp;quot;&amp;gt;&amp;lt;img src=&amp;quot;/templates/master/simple/UploadImage/AdvertImg/t2.jpg&amp;quot; alt=&amp;quot;&amp;quot; /&amp;gt;&amp;lt;/a&amp;gt; &amp;lt;a href=&amp;quot;#&amp;quot;&amp;gt;&amp;lt;img src=&amp;quot;/templates/master/simple/UploadImage/AdvertImg/t3.jpg&amp;quot; alt=&amp;quot;&amp;quot; /&amp;gt;&amp;lt;/a&amp;gt;" />
  <Ad Id="4" Type="custom" Html="&amp;lt;img src=&amp;quot;/templates/master/simple/UploadImage/AdvertImg/t1.jpg&amp;quot; alt=&amp;quot;&amp;quot; /&amp;gt;&amp;lt;br /&amp;gt;" />
  <Ad Id="5" Type="slide" Image1="/templates/master/simple/UploadImage/AdvertImg/banner01.jpg" Image2="/templates/master/simple/UploadImage/AdvertImg/banner01.jpg" Image3="/templates/master/simple/UploadImage/AdvertImg/banner01.jpg" Image4="" Image5="" Image6="" Image7="" Image8="" Image9="" Image10="" Url1="" Url2="" Url3="" Url4="" Url5="" Url6="" Url7="" Url8="" Url9="" Url10="" AdImageSize="1920*350" />
  <Ad Id="6" Type="custom" Html="&amp;lt;img src=&amp;quot;/templates/master/simple/UploadImage/AdvertImg/t4.jpg&amp;quot; alt=&amp;quot;&amp;quot; /&amp;gt;" />
  <Ad Id="7" Type="custom" Html="&amp;lt;ul&amp;gt;&#xA;	&amp;lt;li class=&amp;quot;pl&amp;quot;&amp;gt;&#xA;		&amp;lt;div class=&amp;quot;pic&amp;quot;&amp;gt;&#xA;			&amp;lt;img src=&amp;quot;/Templates/master/simple/UploadImage/AdvertImg/t5.jpg&amp;quot; /&amp;gt; &#xA;		&amp;lt;/div&amp;gt;&#xA;		&amp;lt;div class=&amp;quot;name&amp;quot;&amp;gt;&#xA;			连衣裙&#xA;		&amp;lt;/div&amp;gt;&#xA;	&amp;lt;/li&amp;gt;&#xA;	&amp;lt;li class=&amp;quot;pl&amp;quot;&amp;gt;&#xA;		&amp;lt;div class=&amp;quot;pic&amp;quot;&amp;gt;&#xA;			&amp;lt;img src=&amp;quot;/Templates/master/simple/UploadImage/AdvertImg/t6.jpg&amp;quot; /&amp;gt; &#xA;		&amp;lt;/div&amp;gt;&#xA;		&amp;lt;div class=&amp;quot;name&amp;quot;&amp;gt;&#xA;			外套&#xA;		&amp;lt;/div&amp;gt;&#xA;	&amp;lt;/li&amp;gt;&#xA;	&amp;lt;li class=&amp;quot;pl&amp;quot;&amp;gt;&#xA;		&amp;lt;div class=&amp;quot;pic&amp;quot;&amp;gt;&#xA;			&amp;lt;img src=&amp;quot;/Templates/master/simple/UploadImage/AdvertImg/t7.jpg&amp;quot; /&amp;gt; &#xA;		&amp;lt;/div&amp;gt;&#xA;		&amp;lt;div class=&amp;quot;name&amp;quot;&amp;gt;&#xA;			T恤&#xA;		&amp;lt;/div&amp;gt;&#xA;	&amp;lt;/li&amp;gt;&#xA;	&amp;lt;li class=&amp;quot;pl&amp;quot;&amp;gt;&#xA;		&amp;lt;div class=&amp;quot;pic&amp;quot;&amp;gt;&#xA;			&amp;lt;img src=&amp;quot;/Templates/master/simple/UploadImage/AdvertImg/t8.jpg&amp;quot; /&amp;gt; &#xA;		&amp;lt;/div&amp;gt;&#xA;		&amp;lt;div class=&amp;quot;name&amp;quot;&amp;gt;&#xA;			雪纺衫&#xA;		&amp;lt;/div&amp;gt;&#xA;	&amp;lt;/li&amp;gt;&#xA;	&amp;lt;li class=&amp;quot;pl&amp;quot;&amp;gt;&#xA;		&amp;lt;div class=&amp;quot;pic&amp;quot;&amp;gt;&#xA;			&amp;lt;img src=&amp;quot;/Templates/master/simple/UploadImage/AdvertImg/t9.jpg&amp;quot; /&amp;gt; &#xA;		&amp;lt;/div&amp;gt;&#xA;		&amp;lt;div class=&amp;quot;name&amp;quot;&amp;gt;&#xA;			针织衫&#xA;		&amp;lt;/div&amp;gt;&#xA;	&amp;lt;/li&amp;gt;&#xA;	&amp;lt;li class=&amp;quot;pl&amp;quot;&amp;gt;&#xA;		&amp;lt;div class=&amp;quot;pic&amp;quot;&amp;gt;&#xA;			&amp;lt;img src=&amp;quot;/Templates/master/simple/UploadImage/AdvertImg/t10.jpg&amp;quot; /&amp;gt; &#xA;		&amp;lt;/div&amp;gt;&#xA;		&amp;lt;div class=&amp;quot;name&amp;quot;&amp;gt;&#xA;			高跟鞋&#xA;		&amp;lt;/div&amp;gt;&#xA;	&amp;lt;/li&amp;gt;&#xA;	&amp;lt;li class=&amp;quot;pl&amp;quot;&amp;gt;&#xA;		&amp;lt;div class=&amp;quot;pic&amp;quot;&amp;gt;&#xA;			&amp;lt;img src=&amp;quot;/Templates/master/simple/UploadImage/AdvertImg/t11.jpg&amp;quot; /&amp;gt; &#xA;		&amp;lt;/div&amp;gt;&#xA;		&amp;lt;div class=&amp;quot;name&amp;quot;&amp;gt;&#xA;			半身裙&#xA;		&amp;lt;/div&amp;gt;&#xA;	&amp;lt;/li&amp;gt;&#xA;&amp;lt;/ul&amp;gt;" />
  <Ad Id="8" Type="custom" Html="&amp;lt;img src=&amp;quot;/templates/master/simple/UploadImage/AdvertImg/t12.jpg&amp;quot; alt=&amp;quot;&amp;quot; /&amp;gt;" />
  <Ad Id="9" Type="custom" Html="&amp;lt;a href=&amp;quot;#&amp;quot;&amp;gt;查看更多&amp;amp;gt;&amp;lt;/a&amp;gt;" />
  <Ad Id="10" Type="custom" Html="&amp;lt;div class=&amp;quot;con_left&amp;quot;&amp;gt;&#xA;    &amp;lt;div class=&amp;quot;top&amp;quot;&amp;gt;&amp;lt;img src=&amp;quot;/Templates/master/simple/UploadImage/AdvertImg/t13.jpg&amp;quot; /&amp;gt;&amp;lt;/div&amp;gt;&#xA;    &amp;lt;div class=&amp;quot;mid&amp;quot;&amp;gt;&amp;lt;img src=&amp;quot;/Templates/master/simple/UploadImage/AdvertImg/t14.jpg&amp;quot; /&amp;gt;&amp;lt;/div&amp;gt;&#xA;    &amp;lt;div class=&amp;quot;bot&amp;quot;&amp;gt;&amp;lt;img src=&amp;quot;/Templates/master/simple/UploadImage/AdvertImg/t15.jpg&amp;quot; /&amp;gt;&amp;lt;/div&amp;gt;&#xA;&amp;lt;/div&amp;gt;&#xA;&amp;lt;div class=&amp;quot;con_cent&amp;quot; &amp;gt;&#xA;    &amp;lt;div class=&amp;quot;top&amp;quot;&amp;gt;&amp;lt;img src=&amp;quot;/Templates/master/simple/UploadImage/AdvertImg/t16.jpg&amp;quot; /&amp;gt;&amp;lt;/div&amp;gt;&#xA;    &amp;lt;div class=&amp;quot;bot&amp;quot;&amp;gt;&amp;lt;img src=&amp;quot;/Templates/master/simple/UploadImage/AdvertImg/t17.jpg&amp;quot; /&amp;gt;&amp;lt;/div&amp;gt;&#xA;&amp;lt;/div&amp;gt;&#xA;&amp;lt;div class=&amp;quot;con_right&amp;quot;&amp;gt;&#xA;    &amp;lt;div class=&amp;quot;top&amp;quot;&amp;gt;&amp;lt;img src=&amp;quot;/Templates/master/simple/UploadImage/AdvertImg/t18.jpg&amp;quot; /&amp;gt;&amp;lt;/div&amp;gt;&#xA;    &amp;lt;div class=&amp;quot;mid&amp;quot;&amp;gt;&amp;lt;img src=&amp;quot;/Templates/master/simple/UploadImage/AdvertImg/t19.jpg&amp;quot; /&amp;gt;&amp;lt;/div&amp;gt;&#xA;    &amp;lt;div class=&amp;quot;bot&amp;quot;&amp;gt;&amp;lt;img src=&amp;quot;/Templates/master/simple/UploadImage/AdvertImg/t20.jpg&amp;quot; /&amp;gt;&amp;lt;/div&amp;gt;&#xA;&amp;lt;/div&amp;gt;" />
  <Ad Id="11" Type="custom" Html="&amp;lt;img src=&amp;quot;/templates/master/simple/UploadImage/AdvertImg/t27.jpg&amp;quot; alt=&amp;quot;&amp;quot; /&amp;gt;&amp;lt;br /&amp;gt;" />
  <Ad Id="12" Type="custom" Html="&amp;lt;img src=&amp;quot;/templates/master/simple/UploadImage/AdvertImg/t27.jpg&amp;quot; alt=&amp;quot;&amp;quot; /&amp;gt;&amp;lt;br /&amp;gt;" />
  <Ad Id="13" Type="custom" Html="&amp;lt;img src=&amp;quot;/templates/master/simple/UploadImage/AdvertImg/t27.jpg&amp;quot; alt=&amp;quot;&amp;quot; /&amp;gt;&amp;lt;br /&amp;gt;" />
  <Ad Id="14" Type="custom" Html="&amp;lt;img src=&amp;quot;/templates/master/simple/UploadImage/AdvertImg/t27.jpg&amp;quot; alt=&amp;quot;&amp;quot; /&amp;gt;&amp;lt;br /&amp;gt;" />
  <Ad Id="15" Type="custom" Html="&amp;lt;img src=&amp;quot;/templates/master/simple/UploadImage/AdvertImg/t42.jpg&amp;quot; alt=&amp;quot;&amp;quot; /&amp;gt;&amp;lt;br /&amp;gt;" />
  <Ad Id="16" Type="custom" Html="更多惊喜！更多优惠！" />
  <Ad Id="17" Type="custom" Html="&amp;lt;span&amp;gt;&#xA;    &amp;lt;b&amp;gt;关注我们&amp;lt;/b&amp;gt;&#xA;    &amp;lt;img src=&amp;quot;/Templates/master/simple/UploadImage/AdvertImg/t51.jpg&amp;quot; /&amp;gt;&#xA;&amp;lt;/span&amp;gt;&#xA;&amp;lt;span&amp;gt;&#xA;    &amp;lt;b&amp;gt;商城微信&amp;lt;/b&amp;gt;&#xA;    &amp;lt;img src=&amp;quot;/Templates/master/simple/UploadImage/AdvertImg/t52.jpg&amp;quot; /&amp;gt;&#xA;&amp;lt;/span&amp;gt;" />
  <Ad Id="18" Type="image" Image="/templates/master/simple/UploadImage/advertimg/t50.jpg" Url="" AdImageSize="204*276" />
  <Ad Id="19" Type="custom" Html="&amp;lt;div class=&amp;quot;tipkf&amp;quot;&amp;gt;&#xA;	&amp;lt;a href=&amp;quot;#&amp;quot;&amp;gt;&amp;lt;img src=&amp;quot;/templates/master/simple/UploadImage/AdvertImg/tipkf.jpg&amp;quot; alt=&amp;quot;&amp;quot; /&amp;gt;&amp;lt;/a&amp;gt; &#xA;&amp;lt;/div&amp;gt;&#xA;&amp;lt;div class=&amp;quot;tipwx&amp;quot;&amp;gt;&#xA;	&amp;lt;img src=&amp;quot;/templates/master/simple/UploadImage/AdvertImg/tipwx.jpg&amp;quot; alt=&amp;quot;&amp;quot; /&amp;gt; &#xA;	&amp;lt;div class=&amp;quot;tipwximg&amp;quot;&amp;gt;&#xA;	    &amp;lt;span&amp;gt;&amp;lt;img src=&amp;quot;/templates/master/simple/UploadImage/AdvertImg/tipwximg.png&amp;quot; alt=&amp;quot;&amp;quot; /&amp;gt;&amp;lt;/span&amp;gt; &#xA;	&amp;lt;/div&amp;gt;&#xA;&amp;lt;/div&amp;gt;&#xA;&amp;lt;div class=&amp;quot;tiptop&amp;quot;&amp;gt;&#xA;	&amp;lt;a href=&amp;quot;#&amp;quot;&amp;gt;&amp;lt;img src=&amp;quot;/templates/master/simple/UploadImage/AdvertImg/tiptop.jpg&amp;quot; alt=&amp;quot;&amp;quot; /&amp;gt;&amp;lt;/a&amp;gt; &#xA;&amp;lt;/div&amp;gt;" />
  <Ad Id="20" Type="custom" Html="&amp;lt;div style=&amp;quot;height:329px; background:url(/templates/master/simple/UploadImage/AdvertImg/banner2.jpg) no-repeat;&amp;quot;&amp;gt;&#xA;&amp;lt;/div&amp;gt;" />
  <Ad Id="23" Type="custom" Html="&amp;lt;div style=&amp;quot;background:#fe3f37;text-align:center;&amp;quot;&amp;gt;&#xA;	&amp;lt;img src=&amp;quot;/templates/master/default/UploadImage/AdvertImg/20160331145919_8098.jpg&amp;quot; alt=&amp;quot;&amp;quot; /&amp;gt; &#xA;&amp;lt;/div&amp;gt;" />
</root>