﻿<?xml version="1.0" encoding="utf-8"?>
<root>
<Ad Id="1" Type="custom" Html="&amp;lt;div style=&amp;quot;background:url( /templates/master/tianpin/images/fmml/3.jpg) no-repeat 50% 0px; height:85px;&amp;quot;&amp;gt;&#xA;&amp;lt;/div&amp;gt;" />
  <Ad Id="2" Type="image" Image="/templates/master/default/UploadImage/advertimg/20160520170418_0740.png" Url="" AdImageSize="230*220" />
  <Ad Id="3" Type="image" Image="/templates/master/default/UploadImage/advertimg/ad-03.jpg" Url="" AdImageSize="239*160" />
  <Ad Id="4" Type="image" Image="/templates/master/default/UploadImage/advertimg/ad-04.jpg" Url="" AdImageSize="239*160" />
  <Ad Id="5" Type="image" Image="/templates/master/default/UploadImage/advertimg/ad-05.jpg" Url="" AdImageSize="239*160" />
  <Ad Id="6" Type="image" Image="/templates/master/default/UploadImage/advertimg/ad-06.jpg" Url="" AdImageSize="239*160" />
  <Ad Id="7" Type="image" Image="/templates/master/default/UploadImage/advertimg/ad-07.jpg" Url="" AdImageSize="239*160" />
  <Ad Id="8" Type="image" Image="/templates/master/default/UploadImage/advertimg/ad-08.jpg" Url="" AdImageSize="1200*100" />
  <Ad Id="9" Type="image" Image="/templates/master/default/UploadImage/advertimg/ad-09.jpg" Url="" AdImageSize="360*445" />
  <Ad Id="10" Type="image" Image="/templates/master/default/UploadImage/advertimg/20160523095124_9304.jpg" Url="" AdImageSize="360*445" />
 <Ad Id="11" Type="slide" Image1="/templates/master/tianpin/images/fmml/1.jpg" Image2="/templates/master/tianpin/images/fmml/1.jpg" Image3="/templates/master/tianpin/images/fmml/1.jpg" Image4="" Image5="" Image6="" Image7="" Image8="" Image9="" Image10="" Url1="" Url2="" Url3="" Url4="" Url5="" Url6="" Url7="" Url8="" Url9="" Url10="" AdImageSize="1920*550" />
  <Ad Id="12" Type="image" Image="/templates/master/default/UploadImage/advertimg/20160523095148_0399.jpg" Url="" AdImageSize="360*445" />
  <Ad Id="13" Type="image" Image="/templates/master/default/UploadImage/advertimg/20160523095236_0714.jpg" Url="" AdImageSize="360*445" />
  <Ad Id="14" Type="image" Image="/templates/master/default/UploadImage/advertimg/20160523095258_3841.jpg" Url="" AdImageSize="360*445" />
  <Ad Id="15" Type="image" Image="/templates/master/default/UploadImage/advertimg/20160523095324_9155.jpg" Url="" AdImageSize="360*445" />
  <Ad Id="16" Type="image" Image="/templates/master/default/UploadImage/advertimg/2.jpg" Url="" AdImageSize="210*90" />
  <Ad Id="19" Type="custom" Html="&amp;lt;img src=&amp;quot;/templates/master/tianpin/UploadImage/AdvertImg/20150525104222_2476.jpg&amp;quot; alt=&amp;quot;&amp;quot; /&amp;gt;" />
  <Ad Id="18" Type="image" Image="/templates/master/default/UploadImage/advertimg/ad-018.jpg" Url="" AdImageSize="320*360" />
  <Ad Id="19" Type="image" Image="/templates/master/default/UploadImage/advertimg/ad-08.jpg" Url="" AdImageSize="1200*110" />
  <Ad Id="20" Type="custom" Html="&amp;lt;img src=&amp;quot;/templates/master/tianpin/UploadImage/AdvertImg/20150518173209_6699.jpg&amp;quot; alt=&amp;quot;&amp;quot; /&amp;gt;" />
  <Ad Id="21" Type="image" Image="/templates/master/default/UploadImage/advertimg/20160509103359_9882.jpg" Url="" AdImageSize="1200*110" />
  <Ad Id="22" Type="image" Image="/templates/master/default/UploadImage/advertimg/ad-09.jpg" Url="" AdImageSize="360*445" />
  <Ad Id="23" Type="custom" Html="&amp;lt;div style=&amp;quot;background:#fe3f37;text-align:center;&amp;quot;&amp;gt;&#xA;	&amp;lt;img src=&amp;quot;/templates/master/default/UploadImage/AdvertImg/20160331145919_8098.jpg&amp;quot; alt=&amp;quot;&amp;quot; /&amp;gt; &#xA;&amp;lt;/div&amp;gt;" />
  <Ad Id="24" Type="image" Image="/templates/master/default/UploadImage/advertimg/ad-10.jpg" Url="" AdImageSize="385*220" />
  <Ad Id="25" Type="image" Image="/templates/master/default/UploadImage/advertimg/20141215173510_3348.png" Url="" AdImageSize="210*455" />
  <Ad Id="26" Type="image" Image="/templates/master/default/UploadImage/advertimg/20141215172613_9873.png" Url="" AdImageSize="210*455" />
  <Ad Id="27" Type="image" Image="/templates/master/tianpin/UploadImage/advertimg/20150525103043_6336.jpg" Url="" AdImageSize="322*204" />
  <Ad Id="28" Type="custom" Html="&amp;lt;li&amp;gt;&#xA; &amp;lt;a href=&amp;quot;#&amp;quot;&amp;gt;&amp;lt;img src=&amp;quot;/templates/master/tianpin/UploadImage/AdvertImg/20150522100103_8751.jpg&amp;quot; alt=&amp;quot;&amp;quot; /&amp;gt;&amp;lt;/a&amp;gt; &#xA;&amp;lt;/li&amp;gt;&#xA;&amp;lt;li&amp;gt;&#xA; &amp;lt;a href=&amp;quot;#&amp;quot;&amp;gt;&amp;lt;img src=&amp;quot;/templates/master/tianpin/UploadImage/AdvertImg/20150522100209_0138.jpg&amp;quot; alt=&amp;quot;&amp;quot; /&amp;gt;&amp;lt;/a&amp;gt; &#xA;&amp;lt;/li&amp;gt;&#xA;&amp;lt;li&amp;gt;&#xA; &amp;lt;a href=&amp;quot;#&amp;quot;&amp;gt;&amp;lt;img src=&amp;quot;/templates/master/tianpin/UploadImage/AdvertImg/20150522100250_2682.jpg&amp;quot; alt=&amp;quot;&amp;quot; /&amp;gt;&amp;lt;/a&amp;gt; &#xA;&amp;lt;/li&amp;gt;&#xA;&amp;lt;li&amp;gt;&#xA; &amp;lt;a href=&amp;quot;#&amp;quot;&amp;gt;&amp;lt;img src=&amp;quot;/templates/master/tianpin/UploadImage/AdvertImg/20150522100258_3107.jpg&amp;quot; alt=&amp;quot;&amp;quot; /&amp;gt;&amp;lt;/a&amp;gt; &#xA;&amp;lt;/li&amp;gt;&#xA;&amp;lt;li&amp;gt;&#xA; &amp;lt;a href=&amp;quot;#&amp;quot;&amp;gt;&amp;lt;img src=&amp;quot;/templates/master/tianpin/UploadImage/AdvertImg/20150522100308_1092.jpg&amp;quot; alt=&amp;quot;&amp;quot; /&amp;gt;&amp;lt;/a&amp;gt; &#xA;&amp;lt;/li&amp;gt;&#xA;&amp;lt;li&amp;gt;&#xA; &amp;lt;a href=&amp;quot;#&amp;quot;&amp;gt;&amp;lt;img src=&amp;quot;/templates/master/tianpin/UploadImage/AdvertImg/20150522100315_7236.jpg&amp;quot; alt=&amp;quot;&amp;quot; /&amp;gt;&amp;lt;/a&amp;gt; &#xA;&amp;lt;/li&amp;gt;" />
 <Ad Id="29" Type="custom" Html="&amp;lt;span class=&amp;quot;sales_top1&amp;quot;&amp;gt;&amp;lt;a href=&amp;quot;#&amp;quot;&amp;gt;&amp;lt;img src=&amp;quot;/templates/master/tianpin/UploadImage/AdvertImg/20150525093916_5000.jpg&amp;quot; alt=&amp;quot;&amp;quot; /&amp;gt;&amp;lt;/a&amp;gt;&amp;lt;/span&amp;gt; &amp;lt;span class=&amp;quot;sales_top2&amp;quot;&amp;gt;&amp;lt;a href=&amp;quot;#&amp;quot;&amp;gt;&amp;lt;img src=&amp;quot;/templates/master/tianpin/UploadImage/AdvertImg/20150525093950_8230.jpg&amp;quot; alt=&amp;quot;&amp;quot; /&amp;gt;&amp;lt;/a&amp;gt;&amp;lt;/span&amp;gt;" />
  <Ad Id="30" Type="custom" Html="&amp;lt;div style=&amp;quot;background:url( /templates/master/tianpin/images/fmml/tt_ad1_03.jpg) no-repeat 50% 0px; height:482px;&amp;quot;&amp;gt;&#xA;&amp;lt;/div&amp;gt;" />
  <Ad Id="31" Type="custom" Html="&amp;lt;img src=&amp;quot;/templates/master/tianpin/UploadImage/AdvertImg/20150526114730_1205.jpg&amp;quot; alt=&amp;quot;&amp;quot; /&amp;gt;" />
  <Ad Id="32" Type="custom" Html="&amp;lt;li&amp;gt;&#xA; &amp;lt;a href=&amp;quot;#&amp;quot; target=&amp;quot;_blank&amp;quot;&amp;gt;&amp;lt;img src=&amp;quot;/templates/master/tianpin/UploadImage/AdvertImg/20150526141447_6609.jpg&amp;quot; /&amp;gt;&amp;lt;/a&amp;gt; &#xA;&amp;lt;/li&amp;gt;&#xA;&amp;lt;li&amp;gt;&#xA;  &amp;lt;a href=&amp;quot;#&amp;quot; target=&amp;quot;_blank&amp;quot;&amp;gt;&amp;lt;img src=&amp;quot;/templates/master/tianpin/UploadImage/AdvertImg/20150526141447_6609.jpg&amp;quot; /&amp;gt;&amp;lt;/a&amp;gt; &#xA;&amp;lt;/li&amp;gt;&#xA;&amp;lt;li&amp;gt;&#xA;  &amp;lt;a href=&amp;quot;#&amp;quot; target=&amp;quot;_blank&amp;quot;&amp;gt;&amp;lt;img src=&amp;quot;/templates/master/tianpin/UploadImage/AdvertImg/20150526141447_6609.jpg&amp;quot; /&amp;gt;&amp;lt;/a&amp;gt; &#xA;&amp;lt;/li&amp;gt;" />
  <Ad Id="33" Type="custom" Html="&amp;lt;img src=&amp;quot;/templates/master/tianpin/UploadImage/AdvertImg/20150526153530_1949.jpg&amp;quot; alt=&amp;quot;&amp;quot; /&amp;gt;" />
  <Ad Id="30" Type="custom" Html="&amp;lt;img src=&amp;quot;/templates/master/default/UploadImage/AdvertImg/20160418100121_4541.jpg&amp;quot; alt=&amp;quot;&amp;quot; /&amp;gt;&amp;lt;img src=&amp;quot;/templates/master/default/UploadImage/AdvertImg/20160418100121_6905.jpg&amp;quot; alt=&amp;quot;&amp;quot; /&amp;gt;&amp;lt;img src=&amp;quot;/templates/master/default/UploadImage/AdvertImg/20160418100121_9475.jpg&amp;quot; alt=&amp;quot;&amp;quot; /&amp;gt;" />
<Ad Id="35" Type="custom" Html="&amp;lt;li&amp;gt;&#xA; &amp;lt;a href=&amp;quot;http://www.17sucai.com/&amp;quot;&amp;gt; &amp;lt;img src=&amp;quot;/templates/master/tianpin/UploadImage/AdvertImg/20150612180219_8523.jpg&amp;quot; /&amp;gt;&amp;lt;/a&amp;gt; &#xA;&amp;lt;/li&amp;gt;&#xA;&amp;lt;li&amp;gt;&#xA; &amp;lt;a href=&amp;quot;http://www.17sucai.com/&amp;quot;&amp;gt; &amp;lt;img src=&amp;quot;/templates/master/tianpin/UploadImage/AdvertImg/20150612180219_8523.jpg&amp;quot; /&amp;gt;&amp;lt;/a&amp;gt; &#xA;&amp;lt;/li&amp;gt;&#xA;&amp;lt;li&amp;gt;&#xA; &amp;lt;a href=&amp;quot;http://www.17sucai.com/&amp;quot;&amp;gt; &amp;lt;img src=&amp;quot;/templates/master/tianpin/UploadImage/AdvertImg/20150612180219_8523.jpg&amp;quot; /&amp;gt;&amp;lt;/a&amp;gt; &#xA;&amp;lt;/li&amp;gt;&#xA;&amp;lt;li&amp;gt;&#xA; &amp;lt;a href=&amp;quot;http://www.17sucai.com/&amp;quot;&amp;gt; &amp;lt;img src=&amp;quot;/templates/master/tianpin/UploadImage/AdvertImg/20150612180219_8523.jpg&amp;quot; /&amp;gt;&amp;lt;/a&amp;gt; &#xA;&amp;lt;/li&amp;gt;" />
   <Ad Id="36" Type="custom" Html="&amp;lt;img src=&amp;quot;/templates/master/tianpin/UploadImage/AdvertImg/20150527105207_7033.jpg&amp;quot; alt=&amp;quot;&amp;quot; /&amp;gt;&amp;lt;br /&amp;gt;" />
   <Ad Id="37" Type="custom" Html="&amp;lt;span&amp;gt;&amp;lt;a href=&amp;quot;/User/login.aspx&amp;quot;&amp;gt;会员登录&amp;lt;/a&amp;gt;&amp;lt;/span&amp;gt; &amp;lt;span&amp;gt;&amp;lt;a href=&amp;quot;/ShoppingCart.aspx&amp;quot;&amp;gt;购物车&amp;lt;/a&amp;gt;&amp;lt;/span&amp;gt; &amp;lt;span&amp;gt;&amp;lt;a href=&amp;quot;#&amp;quot;&amp;gt;&amp;lt;em&amp;gt;二维码&amp;lt;/em&amp;gt;&amp;lt;b&amp;gt;&amp;lt;img src=&amp;quot;/templates/master/tianpin/images/fmml/hishopwx.png&amp;quot; /&amp;gt;&amp;lt;/b&amp;gt;&amp;lt;/a&amp;gt;&amp;lt;/span&amp;gt; &amp;lt;span&amp;gt;&amp;lt;a rel=&amp;quot;nofollow&amp;quot; target=&amp;quot;_blank&amp;quot; href=&amp;quot;http://wpa.qq.com/msgrd?v=3&amp;amp;uin=123456789&amp;amp;site=qq&amp;amp;menu=yes&amp;quot;&amp;gt; 客户&amp;lt;/a&amp;gt;&amp;lt;/span&amp;gt;" />
</root>