﻿<?xml version="1.0" encoding="utf-8"?>
<root>
  <Ad Id="1" Type="custom" Html="&amp;lt;a href=&amp;quot;#&amp;quot;&amp;gt;收藏本站&amp;lt;/a&amp;gt;" />
  <Ad Id="2" Type="image" Image="/templates/master/wanggou/UploadImage/advertimg/20140622120555_8769.jpg" Url="" AdImageSize="134*28" />
  <Ad Id="3" Type="slide" Image1="/templates/master/wanggou/UploadImage/advertimg/20140622123154_4150.jpg" Image2="/templates/master/wanggou/UploadImage/advertimg/20140622123154_4150.jpg" Image3="/templates/master/wanggou/UploadImage/advertimg/20140622123154_4150.jpg" Image4="/templates/master/wanggou/UploadImage/advertimg/20140622123154_4150.jpg" Image5="" Image6="" Image7="" Image8="" Image9="" Image10="" Url1="" Url2="" Url3="" Url4="" Url5="" Url6="" Url7="" Url8="" Url9="" Url10="" AdImageSize="790*350" />
  <Ad Id="4" Type="image" Image="/templates/master/wanggou/UploadImage/advertimg/20140622154029_4612.jpg" Url="" AdImageSize="322*204" />
  <Ad Id="5" Type="image" Image="/templates/master/kuanping221/UploadImage/advertimg/20140320193817_3368.jpg" Url="" AdImageSize="322*204" />
  <Ad Id="6" Type="image" Image="/templates/master/kuanping221/UploadImage/advertimg/20140320193817_3368.jpg" Url="" AdImageSize="322*204" />
  <Ad Id="7" Type="image" Image="/templates/master/kuanping221/UploadImage/advertimg/20140320223335_6664.jpg" Url="" AdImageSize="1200*90" />
  <Ad Id="8" Type="image" Image="/templates/master/kuanping221/UploadImage/advertimg/20140323155818_5489.jpg" Url="" AdImageSize="204*276" />
  <Ad Id="9" Type="custom" Html="&amp;lt;img src=&amp;quot;/templates/master/kuanping221/UploadImage/AdvertImg/20140323161210_7165.jpg&amp;quot; alt=&amp;quot;&amp;quot; border=&amp;quot;0&amp;quot; /&amp;gt;&amp;lt;img src=&amp;quot;/templates/master/kuanping221/UploadImage/AdvertImg/20140323161217_1728.jpg&amp;quot; alt=&amp;quot;&amp;quot; border=&amp;quot;0&amp;quot; /&amp;gt;&amp;lt;img src=&amp;quot;/templates/master/kuanping221/UploadImage/AdvertImg/20140323161222_7912.jpg&amp;quot; alt=&amp;quot;&amp;quot; border=&amp;quot;0&amp;quot; /&amp;gt;&amp;lt;img src=&amp;quot;/templates/master/kuanping221/UploadImage/AdvertImg/20140323161228_9365.jpg&amp;quot; alt=&amp;quot;&amp;quot; border=&amp;quot;0&amp;quot; /&amp;gt;" />
  <Ad Id="10" Type="image" Image="/templates/master/kuanping221/UploadImage/advertimg/20140323155818_5489.jpg" Url="" AdImageSize="204*276" />
  <Ad Id="11" Type="custom" Html="&amp;lt;img src=&amp;quot;/templates/master/kuanping221/UploadImage/AdvertImg/20140323161210_7165.jpg&amp;quot; alt=&amp;quot;&amp;quot; border=&amp;quot;0&amp;quot; /&amp;gt;&amp;lt;img src=&amp;quot;/templates/master/kuanping221/UploadImage/AdvertImg/20140323161217_1728.jpg&amp;quot; alt=&amp;quot;&amp;quot; border=&amp;quot;0&amp;quot; /&amp;gt;&amp;lt;img src=&amp;quot;/templates/master/kuanping221/UploadImage/AdvertImg/20140323161222_7912.jpg&amp;quot; alt=&amp;quot;&amp;quot; border=&amp;quot;0&amp;quot; /&amp;gt;&amp;lt;img src=&amp;quot;/templates/master/kuanping221/UploadImage/AdvertImg/20140323161228_9365.jpg&amp;quot; alt=&amp;quot;&amp;quot; border=&amp;quot;0&amp;quot; /&amp;gt;" />
  <Ad Id="12" Type="image" Image="/templates/master/kuanping221/UploadImage/advertimg/20140323155818_5489.jpg" Url="" AdImageSize="204*276" />
  <Ad Id="13" Type="custom" Html="&amp;lt;img src=&amp;quot;/templates/master/kuanping221/UploadImage/AdvertImg/20140323161210_7165.jpg&amp;quot; alt=&amp;quot;&amp;quot; border=&amp;quot;0&amp;quot; /&amp;gt;&amp;lt;img src=&amp;quot;/templates/master/kuanping221/UploadImage/AdvertImg/20140323161217_1728.jpg&amp;quot; alt=&amp;quot;&amp;quot; border=&amp;quot;0&amp;quot; /&amp;gt;&amp;lt;img src=&amp;quot;/templates/master/kuanping221/UploadImage/AdvertImg/20140323161222_7912.jpg&amp;quot; alt=&amp;quot;&amp;quot; border=&amp;quot;0&amp;quot; /&amp;gt;&amp;lt;img src=&amp;quot;/templates/master/kuanping221/UploadImage/AdvertImg/20140323161228_9365.jpg&amp;quot; alt=&amp;quot;&amp;quot; border=&amp;quot;0&amp;quot; /&amp;gt;" />
  <Ad Id="14" Type="image" Image="/templates/master/kuanping221/UploadImage/advertimg/20140323155818_5489.jpg" Url="" AdImageSize="204*276" />
  <Ad Id="15" Type="custom" Html="&amp;lt;img src=&amp;quot;/templates/master/kuanping221/UploadImage/AdvertImg/20140323161210_7165.jpg&amp;quot; alt=&amp;quot;&amp;quot; border=&amp;quot;0&amp;quot; /&amp;gt;&amp;lt;img src=&amp;quot;/templates/master/kuanping221/UploadImage/AdvertImg/20140323161217_1728.jpg&amp;quot; alt=&amp;quot;&amp;quot; border=&amp;quot;0&amp;quot; /&amp;gt;&amp;lt;img src=&amp;quot;/templates/master/kuanping221/UploadImage/AdvertImg/20140323161222_7912.jpg&amp;quot; alt=&amp;quot;&amp;quot; border=&amp;quot;0&amp;quot; /&amp;gt;&amp;lt;img src=&amp;quot;/templates/master/kuanping221/UploadImage/AdvertImg/20140323161228_9365.jpg&amp;quot; alt=&amp;quot;&amp;quot; border=&amp;quot;0&amp;quot; /&amp;gt;" />
  <Ad Id="16" Type="image" Image="/templates/master/wanggou/UploadImage/advertimg/20140626160707_3451.jpg" Url="" AdImageSize="204*276" />
  <Ad Id="17" Type="custom" Html="&amp;lt;ul&amp;gt;&amp;lt;li&amp;gt;&#xA;&amp;lt;div class=&amp;quot;pic&amp;quot;&amp;gt;&amp;lt;a href=&amp;quot;#&amp;quot;&amp;gt;&amp;lt;img src=&amp;quot;/templates/master/wanggou/UploadImage/AdvertImg/20140625155223_1372.jpg&amp;quot; alt=&amp;quot;&amp;quot; border=&amp;quot;0&amp;quot; /&amp;gt;&amp;lt;/a&amp;gt;&amp;lt;/div&amp;gt;&#xA;&amp;lt;/li&amp;gt;&#xA;&amp;lt;li&amp;gt;&#xA;&amp;lt;div class=&amp;quot;pic&amp;quot;&amp;gt;&amp;lt;a href=&amp;quot;#&amp;quot;&amp;gt;&amp;lt;img src=&amp;quot;/templates/master/wanggou/UploadImage/AdvertImg/20140625155223_1372.jpg&amp;quot; alt=&amp;quot;&amp;quot; border=&amp;quot;0&amp;quot; /&amp;gt;&amp;lt;/a&amp;gt;&amp;lt;/div&amp;gt;&#xA;&amp;lt;/li&amp;gt;&#xA;&amp;lt;li&amp;gt;&#xA;&amp;lt;div class=&amp;quot;pic&amp;quot;&amp;gt;&amp;lt;a href=&amp;quot;#&amp;quot;&amp;gt;&amp;lt;img src=&amp;quot;/templates/master/wanggou/UploadImage/AdvertImg/20140625155223_1372.jpg&amp;quot; alt=&amp;quot;&amp;quot; border=&amp;quot;0&amp;quot; /&amp;gt;&amp;lt;/a&amp;gt;&amp;lt;/div&amp;gt;&#xA;&amp;lt;/li&amp;gt;&#xA;&amp;lt;li&amp;gt;&#xA;&amp;lt;div class=&amp;quot;pic&amp;quot;&amp;gt;&amp;lt;a href=&amp;quot;#&amp;quot;&amp;gt;&amp;lt;img src=&amp;quot;/templates/master/wanggou/UploadImage/AdvertImg/20140625155223_1372.jpg&amp;quot; alt=&amp;quot;&amp;quot; border=&amp;quot;0&amp;quot; /&amp;gt;&amp;lt;/a&amp;gt;&amp;lt;/div&amp;gt;&#xA;&amp;lt;/li&amp;gt;&#xA;&amp;lt;li&amp;gt;&#xA;&amp;lt;div class=&amp;quot;pic&amp;quot;&amp;gt;&amp;lt;a href=&amp;quot;#&amp;quot;&amp;gt;&amp;lt;img src=&amp;quot;/templates/master/wanggou/UploadImage/AdvertImg/20140625155223_1372.jpg&amp;quot; alt=&amp;quot;&amp;quot; border=&amp;quot;0&amp;quot; /&amp;gt;&amp;lt;/a&amp;gt;&amp;lt;/div&amp;gt;&#xA;&amp;lt;/li&amp;gt;&#xA;&amp;lt;li&amp;gt;&#xA;&amp;lt;div class=&amp;quot;pic&amp;quot;&amp;gt;&amp;lt;a href=&amp;quot;#&amp;quot;&amp;gt;&amp;lt;img src=&amp;quot;/templates/master/wanggou/UploadImage/AdvertImg/20140625155223_1372.jpg&amp;quot; alt=&amp;quot;&amp;quot; border=&amp;quot;0&amp;quot; /&amp;gt;&amp;lt;/a&amp;gt;&amp;lt;/div&amp;gt;&#xA;&amp;lt;/li&amp;gt;&#xA;&amp;lt;li&amp;gt;&#xA;&amp;lt;div class=&amp;quot;pic&amp;quot;&amp;gt;&amp;lt;a href=&amp;quot;#&amp;quot;&amp;gt;&amp;lt;img src=&amp;quot;/templates/master/wanggou/UploadImage/AdvertImg/20140625155223_1372.jpg&amp;quot; alt=&amp;quot;&amp;quot; border=&amp;quot;0&amp;quot; /&amp;gt;&amp;lt;/a&amp;gt;&amp;lt;/div&amp;gt;&#xA;&amp;lt;/li&amp;gt;&#xA;&amp;lt;li&amp;gt;&#xA;&amp;lt;div class=&amp;quot;pic&amp;quot;&amp;gt;&amp;lt;a href=&amp;quot;#&amp;quot;&amp;gt;&amp;lt;img src=&amp;quot;/templates/master/wanggou/UploadImage/AdvertImg/20140625155223_1372.jpg&amp;quot; alt=&amp;quot;&amp;quot; border=&amp;quot;0&amp;quot; /&amp;gt;&amp;lt;/a&amp;gt;&amp;lt;/div&amp;gt;&#xA;&amp;lt;/li&amp;gt;&#xA;&amp;lt;li&amp;gt;&#xA;&amp;lt;div class=&amp;quot;pic&amp;quot;&amp;gt;&amp;lt;a href=&amp;quot;#&amp;quot;&amp;gt;&amp;lt;img src=&amp;quot;/templates/master/wanggou/UploadImage/AdvertImg/20140625155223_1372.jpg&amp;quot; alt=&amp;quot;&amp;quot; border=&amp;quot;0&amp;quot; /&amp;gt;&amp;lt;/a&amp;gt;&amp;lt;/div&amp;gt;&#xA;&amp;lt;/li&amp;gt;&#xA;&amp;lt;/ul&amp;gt;" />
  <Ad Id="18" Type="custom" Html="缤纷品牌汇" />
  <Ad Id="19" Type="custom" Html="精选团购" />
  <Ad Id="20" Type="custom" Html="新发现" />
  <Ad Id="21" Type="custom" Html="帮你选" />
  <Ad Id="22" Type="custom" Html="&amp;lt;a target=&amp;quot;_blank&amp;quot; href=&amp;quot;#&amp;quot;&amp;gt;&amp;lt;img src=&amp;quot;/templates/master/wanggou/UploadImage/AdvertImg/20140626093210_5437.jpg&amp;quot; alt=&amp;quot;&amp;quot; border=&amp;quot;0&amp;quot; /&amp;gt;&amp;lt;/a&amp;gt;&amp;lt;a target=&amp;quot;_blank&amp;quot; href=&amp;quot;#&amp;quot;&amp;gt;&amp;lt;img src=&amp;quot;/templates/master/wanggou/UploadImage/AdvertImg/20140626093231_1129.jpg&amp;quot; alt=&amp;quot;&amp;quot; border=&amp;quot;0&amp;quot; /&amp;gt;&amp;lt;/a&amp;gt;&amp;lt;a target=&amp;quot;_blank&amp;quot; href=&amp;quot;#&amp;quot;&amp;gt;&amp;lt;img src=&amp;quot;/templates/master/wanggou/UploadImage/AdvertImg/20140626093250_6290.jpg&amp;quot; alt=&amp;quot;&amp;quot; border=&amp;quot;0&amp;quot; /&amp;gt;&amp;lt;/a&amp;gt;&amp;lt;a target=&amp;quot;_blank&amp;quot; href=&amp;quot;#&amp;quot;&amp;gt;&amp;lt;img src=&amp;quot;/templates/master/wanggou/UploadImage/AdvertImg/20140626093306_9689.jpg&amp;quot; alt=&amp;quot;&amp;quot; border=&amp;quot;0&amp;quot; /&amp;gt;&amp;lt;/a&amp;gt;" />
  <Ad Id="83" Type="custom" Html="&amp;lt;a target=&amp;quot;_blank&amp;quot; href=&amp;quot;#&amp;quot;&amp;gt;&amp;lt;img src=&amp;quot;/templates/master/wanggou/UploadImage/AdvertImg/20140626093210_5437.jpg&amp;quot; alt=&amp;quot;&amp;quot; border=&amp;quot;0&amp;quot; /&amp;gt;&amp;lt;/a&amp;gt;&amp;lt;a target=&amp;quot;_blank&amp;quot; href=&amp;quot;#&amp;quot;&amp;gt;&amp;lt;img src=&amp;quot;/templates/master/wanggou/UploadImage/AdvertImg/20140626093231_1129.jpg&amp;quot; alt=&amp;quot;&amp;quot; border=&amp;quot;0&amp;quot; /&amp;gt;&amp;lt;/a&amp;gt;&amp;lt;a target=&amp;quot;_blank&amp;quot; href=&amp;quot;#&amp;quot;&amp;gt;&amp;lt;img src=&amp;quot;/templates/master/wanggou/UploadImage/AdvertImg/20140626093250_6290.jpg&amp;quot; alt=&amp;quot;&amp;quot; border=&amp;quot;0&amp;quot; /&amp;gt;&amp;lt;/a&amp;gt;&amp;lt;a target=&amp;quot;_blank&amp;quot; href=&amp;quot;#&amp;quot;&amp;gt;&amp;lt;img src=&amp;quot;/templates/master/wanggou/UploadImage/AdvertImg/20140626093306_9689.jpg&amp;quot; alt=&amp;quot;&amp;quot; border=&amp;quot;0&amp;quot; /&amp;gt;&amp;lt;/a&amp;gt;" />
  <Ad Id="24" Type="custom" Html="&amp;lt;a target=&amp;quot;_blank&amp;quot; href=&amp;quot;#&amp;quot;&amp;gt;&amp;lt;img src=&amp;quot;/templates/master/wanggou/UploadImage/AdvertImg/20140626093210_5437.jpg&amp;quot; alt=&amp;quot;&amp;quot; border=&amp;quot;0&amp;quot; /&amp;gt;&amp;lt;/a&amp;gt;&amp;lt;a target=&amp;quot;_blank&amp;quot; href=&amp;quot;#&amp;quot;&amp;gt;&amp;lt;img src=&amp;quot;/templates/master/wanggou/UploadImage/AdvertImg/20140626093231_1129.jpg&amp;quot; alt=&amp;quot;&amp;quot; border=&amp;quot;0&amp;quot; /&amp;gt;&amp;lt;/a&amp;gt;&amp;lt;a target=&amp;quot;_blank&amp;quot; href=&amp;quot;#&amp;quot;&amp;gt;&amp;lt;img src=&amp;quot;/templates/master/wanggou/UploadImage/AdvertImg/20140626093250_6290.jpg&amp;quot; alt=&amp;quot;&amp;quot; border=&amp;quot;0&amp;quot; /&amp;gt;&amp;lt;/a&amp;gt;&amp;lt;a target=&amp;quot;_blank&amp;quot; href=&amp;quot;#&amp;quot;&amp;gt;&amp;lt;img src=&amp;quot;/templates/master/wanggou/UploadImage/AdvertImg/20140626093306_9689.jpg&amp;quot; alt=&amp;quot;&amp;quot; border=&amp;quot;0&amp;quot; /&amp;gt;&amp;lt;/a&amp;gt;" />
  <Ad Id="25" Type="custom" Html="&amp;lt;a target=&amp;quot;_blank&amp;quot; href=&amp;quot;#&amp;quot;&amp;gt;&amp;lt;img src=&amp;quot;/templates/master/wanggou/UploadImage/AdvertImg/20140626093210_5437.jpg&amp;quot; alt=&amp;quot;&amp;quot; border=&amp;quot;0&amp;quot; /&amp;gt;&amp;lt;/a&amp;gt;&amp;lt;a target=&amp;quot;_blank&amp;quot; href=&amp;quot;#&amp;quot;&amp;gt;&amp;lt;img src=&amp;quot;/templates/master/wanggou/UploadImage/AdvertImg/20140626093231_1129.jpg&amp;quot; alt=&amp;quot;&amp;quot; border=&amp;quot;0&amp;quot; /&amp;gt;&amp;lt;/a&amp;gt;&amp;lt;a target=&amp;quot;_blank&amp;quot; href=&amp;quot;#&amp;quot;&amp;gt;&amp;lt;img src=&amp;quot;/templates/master/wanggou/UploadImage/AdvertImg/20140626093250_6290.jpg&amp;quot; alt=&amp;quot;&amp;quot; border=&amp;quot;0&amp;quot; /&amp;gt;&amp;lt;/a&amp;gt;&amp;lt;a target=&amp;quot;_blank&amp;quot; href=&amp;quot;#&amp;quot;&amp;gt;&amp;lt;img src=&amp;quot;/templates/master/wanggou/UploadImage/AdvertImg/20140626093306_9689.jpg&amp;quot; alt=&amp;quot;&amp;quot; border=&amp;quot;0&amp;quot; /&amp;gt;&amp;lt;/a&amp;gt;" />
  <Ad Id="26" Type="custom" Html="&amp;lt;img src=&amp;quot;/templates/master/wanggou/UploadImage/AdvertImg/20140626114058_3627.jpg&amp;quot; alt=&amp;quot;&amp;quot; border=&amp;quot;0&amp;quot; /&amp;gt;&amp;lt;br /&amp;gt;" />
  <Ad Id="27" Type="custom" Html="&amp;lt;img src=&amp;quot;/templates/master/wanggou/UploadImage/AdvertImg/20140626114114_1246.jpg&amp;quot; alt=&amp;quot;&amp;quot; border=&amp;quot;0&amp;quot; /&amp;gt;&amp;lt;img src=&amp;quot;/templates/master/wanggou/UploadImage/AdvertImg/20140626114125_1793.jpg&amp;quot; alt=&amp;quot;&amp;quot; border=&amp;quot;0&amp;quot; /&amp;gt;&amp;lt;img src=&amp;quot;/templates/master/wanggou/UploadImage/AdvertImg/20140626114135_0668.jpg&amp;quot; alt=&amp;quot;&amp;quot; border=&amp;quot;0&amp;quot; /&amp;gt;&amp;lt;img src=&amp;quot;/templates/master/wanggou/UploadImage/AdvertImg/20140626114143_5563.jpg&amp;quot; alt=&amp;quot;&amp;quot; border=&amp;quot;0&amp;quot; /&amp;gt;&amp;lt;br /&amp;gt;" />
  <Ad Id="28" Type="custom" Html="&amp;lt;img src=&amp;quot;/templates/master/wanggou/UploadImage/AdvertImg/20140626123633_0134.jpg&amp;quot; alt=&amp;quot;&amp;quot; border=&amp;quot;0&amp;quot; /&amp;gt;&amp;lt;br /&amp;gt;" />
  <Ad Id="29" Type="custom" Html="&amp;lt;img src=&amp;quot;/templates/master/wanggou/UploadImage/AdvertImg/20140626123633_0134.jpg&amp;quot; alt=&amp;quot;&amp;quot; border=&amp;quot;0&amp;quot; /&amp;gt;&amp;lt;br /&amp;gt;" />
  <Ad Id="30" Type="custom" Html="&amp;lt;img src=&amp;quot;/templates/master/wanggou/UploadImage/AdvertImg/20140626114058_3627.jpg&amp;quot; alt=&amp;quot;&amp;quot; border=&amp;quot;0&amp;quot; /&amp;gt;&amp;lt;br /&amp;gt;" />
  <Ad Id="31" Type="custom" Html="&amp;lt;img src=&amp;quot;/templates/master/wanggou/UploadImage/AdvertImg/20140626114114_1246.jpg&amp;quot; alt=&amp;quot;&amp;quot; border=&amp;quot;0&amp;quot; /&amp;gt;&amp;lt;img src=&amp;quot;/templates/master/wanggou/UploadImage/AdvertImg/20140626114125_1793.jpg&amp;quot; alt=&amp;quot;&amp;quot; border=&amp;quot;0&amp;quot; /&amp;gt;&amp;lt;img src=&amp;quot;/templates/master/wanggou/UploadImage/AdvertImg/20140626114135_0668.jpg&amp;quot; alt=&amp;quot;&amp;quot; border=&amp;quot;0&amp;quot; /&amp;gt;&amp;lt;img src=&amp;quot;/templates/master/wanggou/UploadImage/AdvertImg/20140626114143_5563.jpg&amp;quot; alt=&amp;quot;&amp;quot; border=&amp;quot;0&amp;quot; /&amp;gt;&amp;lt;br /&amp;gt;" />
  <Ad Id="32" Type="custom" Html="&amp;lt;img src=&amp;quot;/templates/master/wanggou/UploadImage/AdvertImg/20140626114058_3627.jpg&amp;quot; alt=&amp;quot;&amp;quot; border=&amp;quot;0&amp;quot; /&amp;gt;&amp;lt;br /&amp;gt;" />
  <Ad Id="33" Type="custom" Html="&amp;lt;img src=&amp;quot;/templates/master/wanggou/UploadImage/AdvertImg/20140626114114_1246.jpg&amp;quot; alt=&amp;quot;&amp;quot; border=&amp;quot;0&amp;quot; /&amp;gt;&amp;lt;img src=&amp;quot;/templates/master/wanggou/UploadImage/AdvertImg/20140626114125_1793.jpg&amp;quot; alt=&amp;quot;&amp;quot; border=&amp;quot;0&amp;quot; /&amp;gt;&amp;lt;img src=&amp;quot;/templates/master/wanggou/UploadImage/AdvertImg/20140626114135_0668.jpg&amp;quot; alt=&amp;quot;&amp;quot; border=&amp;quot;0&amp;quot; /&amp;gt;&amp;lt;img src=&amp;quot;/templates/master/wanggou/UploadImage/AdvertImg/20140626114143_5563.jpg&amp;quot; alt=&amp;quot;&amp;quot; border=&amp;quot;0&amp;quot; /&amp;gt;&amp;lt;br /&amp;gt;" />
  <Ad Id="34" Type="custom" Html="&amp;lt;img src=&amp;quot;/templates/master/wanggou/UploadImage/AdvertImg/20140626123633_0134.jpg&amp;quot; alt=&amp;quot;&amp;quot; border=&amp;quot;0&amp;quot; /&amp;gt;&amp;lt;br /&amp;gt;" />
  <Ad Id="35" Type="custom" Html="&amp;lt;img src=&amp;quot;/templates/master/wanggou/UploadImage/AdvertImg/20140626114058_3627.jpg&amp;quot; alt=&amp;quot;&amp;quot; border=&amp;quot;0&amp;quot; /&amp;gt;&amp;lt;br /&amp;gt;" />
  <Ad Id="36" Type="custom" Html="&amp;lt;img src=&amp;quot;/templates/master/wanggou/UploadImage/AdvertImg/20140626114114_1246.jpg&amp;quot; alt=&amp;quot;&amp;quot; border=&amp;quot;0&amp;quot; /&amp;gt;&amp;lt;img src=&amp;quot;/templates/master/wanggou/UploadImage/AdvertImg/20140626114125_1793.jpg&amp;quot; alt=&amp;quot;&amp;quot; border=&amp;quot;0&amp;quot; /&amp;gt;&amp;lt;img src=&amp;quot;/templates/master/wanggou/UploadImage/AdvertImg/20140626114135_0668.jpg&amp;quot; alt=&amp;quot;&amp;quot; border=&amp;quot;0&amp;quot; /&amp;gt;&amp;lt;img src=&amp;quot;/templates/master/wanggou/UploadImage/AdvertImg/20140626114143_5563.jpg&amp;quot; alt=&amp;quot;&amp;quot; border=&amp;quot;0&amp;quot; /&amp;gt;&amp;lt;br /&amp;gt;" />
  <Ad Id="37" Type="custom" Html="&amp;lt;img src=&amp;quot;/templates/master/wanggou/UploadImage/AdvertImg/20140626123633_0134.jpg&amp;quot; alt=&amp;quot;&amp;quot; border=&amp;quot;0&amp;quot; /&amp;gt;&amp;lt;br /&amp;gt;" />
  <Ad Id="38" Type="custom" Html="潮流女装" />
  <Ad Id="39" Type="custom" Html="精致男装" />
  <Ad Id="40" Type="custom" Html="品质鞋靴" />
  <Ad Id="41" Type="custom" Html="舒适内衣" />
  <Ad Id="42" Type="custom" Html="&amp;lt;img src=&amp;quot;/templates/master/wanggou/UploadImage/AdvertImg/20140626123633_0134.jpg&amp;quot; alt=&amp;quot;&amp;quot; border=&amp;quot;0&amp;quot; /&amp;gt;&amp;lt;br /&amp;gt;" />
  <Ad Id="43" Type="custom" Html="&amp;lt;img src=&amp;quot;/templates/master/wanggou/UploadImage/AdvertImg/20140626144406_0032.jpg&amp;quot; alt=&amp;quot;&amp;quot; border=&amp;quot;0&amp;quot; /&amp;gt;&amp;lt;img src=&amp;quot;/templates/master/wanggou/UploadImage/AdvertImg/20140626144415_5477.jpg&amp;quot; alt=&amp;quot;&amp;quot; border=&amp;quot;0&amp;quot; /&amp;gt;&amp;lt;img src=&amp;quot;/templates/master/wanggou/UploadImage/AdvertImg/20140626144424_5492.jpg&amp;quot; alt=&amp;quot;&amp;quot; border=&amp;quot;0&amp;quot; /&amp;gt;" />
  <Ad Id="44" Type="custom" Html="&amp;lt;img src=&amp;quot;/templates/master/wanggou/UploadImage/AdvertImg/20140626123633_0134.jpg&amp;quot; alt=&amp;quot;&amp;quot; border=&amp;quot;0&amp;quot; /&amp;gt;&amp;lt;br /&amp;gt;" />
  <Ad Id="45" Type="custom" Html="&amp;lt;img src=&amp;quot;/templates/master/wanggou/UploadImage/AdvertImg/20140626144406_0032.jpg&amp;quot; alt=&amp;quot;&amp;quot; border=&amp;quot;0&amp;quot; /&amp;gt;&amp;lt;img src=&amp;quot;/templates/master/wanggou/UploadImage/AdvertImg/20140626144415_5477.jpg&amp;quot; alt=&amp;quot;&amp;quot; border=&amp;quot;0&amp;quot; /&amp;gt;&amp;lt;img src=&amp;quot;/templates/master/wanggou/UploadImage/AdvertImg/20140626144424_5492.jpg&amp;quot; alt=&amp;quot;&amp;quot; border=&amp;quot;0&amp;quot; /&amp;gt;" />
  <Ad Id="46" Type="custom" Html="&amp;lt;img src=&amp;quot;/templates/master/wanggou/UploadImage/AdvertImg/20140626123633_0134.jpg&amp;quot; alt=&amp;quot;&amp;quot; border=&amp;quot;0&amp;quot; /&amp;gt;&amp;lt;br /&amp;gt;" />
  <Ad Id="47" Type="custom" Html="&amp;lt;img src=&amp;quot;/templates/master/wanggou/UploadImage/AdvertImg/20140626144406_0032.jpg&amp;quot; alt=&amp;quot;&amp;quot; border=&amp;quot;0&amp;quot; /&amp;gt;&amp;lt;img src=&amp;quot;/templates/master/wanggou/UploadImage/AdvertImg/20140626144415_5477.jpg&amp;quot; alt=&amp;quot;&amp;quot; border=&amp;quot;0&amp;quot; /&amp;gt;&amp;lt;img src=&amp;quot;/templates/master/wanggou/UploadImage/AdvertImg/20140626144424_5492.jpg&amp;quot; alt=&amp;quot;&amp;quot; border=&amp;quot;0&amp;quot; /&amp;gt;" />
  <Ad Id="48" Type="custom" Html="&amp;lt;img src=&amp;quot;/templates/master/wanggou/UploadImage/AdvertImg/20140626123633_0134.jpg&amp;quot; alt=&amp;quot;&amp;quot; border=&amp;quot;0&amp;quot; /&amp;gt;&amp;lt;br /&amp;gt;" />
  <Ad Id="49" Type="custom" Html="&amp;lt;img src=&amp;quot;/templates/master/wanggou/UploadImage/AdvertImg/20140626144406_0032.jpg&amp;quot; alt=&amp;quot;&amp;quot; border=&amp;quot;0&amp;quot; /&amp;gt;&amp;lt;img src=&amp;quot;/templates/master/wanggou/UploadImage/AdvertImg/20140626144415_5477.jpg&amp;quot; alt=&amp;quot;&amp;quot; border=&amp;quot;0&amp;quot; /&amp;gt;&amp;lt;img src=&amp;quot;/templates/master/wanggou/UploadImage/AdvertImg/20140626144424_5492.jpg&amp;quot; alt=&amp;quot;&amp;quot; border=&amp;quot;0&amp;quot; /&amp;gt;" />
  <Ad Id="50" Type="custom" Html="美容美装" />
  <Ad Id="51" Type="custom" Html="皮具箱包" />
  <Ad Id="52" Type="custom" Html="饰品手表" />
  <Ad Id="53" Type="custom" Html="运动户外" />
  <Ad Id="54" Type="custom" Html="家居家装" />
  <Ad Id="55" Type="custom" Html="食品保健" />
  <Ad Id="56" Type="custom" Html="母婴童装" />
  <Ad Id="57" Type="custom" Html="图书音像" />
  <Ad Id="58" Type="custom" Html="&amp;lt;img src=&amp;quot;/templates/master/wanggou/UploadImage/AdvertImg/20140626123633_0134.jpg&amp;quot; alt=&amp;quot;&amp;quot; border=&amp;quot;0&amp;quot; /&amp;gt;&amp;lt;br /&amp;gt;" />
  <Ad Id="59" Type="custom" Html="&amp;lt;img src=&amp;quot;/templates/master/wanggou/UploadImage/AdvertImg/20140626152920_0164.jpg&amp;quot; alt=&amp;quot;&amp;quot; border=&amp;quot;0&amp;quot; /&amp;gt;&amp;lt;img src=&amp;quot;/templates/master/wanggou/UploadImage/AdvertImg/20140626152928_5439.jpg&amp;quot; alt=&amp;quot;&amp;quot; border=&amp;quot;0&amp;quot; /&amp;gt;&amp;lt;img src=&amp;quot;/templates/master/wanggou/UploadImage/AdvertImg/20140626152937_4994.jpg&amp;quot; alt=&amp;quot;&amp;quot; border=&amp;quot;0&amp;quot; /&amp;gt;" />
  <Ad Id="60" Type="custom" Html="&amp;lt;img src=&amp;quot;/templates/master/wanggou/UploadImage/AdvertImg/20140626123633_0134.jpg&amp;quot; alt=&amp;quot;&amp;quot; border=&amp;quot;0&amp;quot; /&amp;gt;&amp;lt;br /&amp;gt;" />
  <Ad Id="61" Type="custom" Html="&amp;lt;img src=&amp;quot;/templates/master/wanggou/UploadImage/AdvertImg/20140626152920_0164.jpg&amp;quot; alt=&amp;quot;&amp;quot; border=&amp;quot;0&amp;quot; /&amp;gt;&amp;lt;img src=&amp;quot;/templates/master/wanggou/UploadImage/AdvertImg/20140626152928_5439.jpg&amp;quot; alt=&amp;quot;&amp;quot; border=&amp;quot;0&amp;quot; /&amp;gt;&amp;lt;img src=&amp;quot;/templates/master/wanggou/UploadImage/AdvertImg/20140626152937_4994.jpg&amp;quot; alt=&amp;quot;&amp;quot; border=&amp;quot;0&amp;quot; /&amp;gt;" />
  <Ad Id="62" Type="custom" Html="&amp;lt;img src=&amp;quot;/templates/master/wanggou/UploadImage/AdvertImg/20140626123633_0134.jpg&amp;quot; alt=&amp;quot;&amp;quot; border=&amp;quot;0&amp;quot; /&amp;gt;&amp;lt;br /&amp;gt;" />
  <Ad Id="63" Type="custom" Html="&amp;lt;img src=&amp;quot;/templates/master/wanggou/UploadImage/AdvertImg/20140626152920_0164.jpg&amp;quot; alt=&amp;quot;&amp;quot; border=&amp;quot;0&amp;quot; /&amp;gt;&amp;lt;img src=&amp;quot;/templates/master/wanggou/UploadImage/AdvertImg/20140626152928_5439.jpg&amp;quot; alt=&amp;quot;&amp;quot; border=&amp;quot;0&amp;quot; /&amp;gt;&amp;lt;img src=&amp;quot;/templates/master/wanggou/UploadImage/AdvertImg/20140626152937_4994.jpg&amp;quot; alt=&amp;quot;&amp;quot; border=&amp;quot;0&amp;quot; /&amp;gt;" />
  <Ad Id="64" Type="custom" Html="&amp;lt;img src=&amp;quot;/templates/master/wanggou/UploadImage/AdvertImg/20140626123633_0134.jpg&amp;quot; alt=&amp;quot;&amp;quot; border=&amp;quot;0&amp;quot; /&amp;gt;&amp;lt;br /&amp;gt;" />
  <Ad Id="65" Type="custom" Html="&amp;lt;img src=&amp;quot;/templates/master/wanggou/UploadImage/AdvertImg/20140626152920_0164.jpg&amp;quot; alt=&amp;quot;&amp;quot; border=&amp;quot;0&amp;quot; /&amp;gt;&amp;lt;img src=&amp;quot;/templates/master/wanggou/UploadImage/AdvertImg/20140626152928_5439.jpg&amp;quot; alt=&amp;quot;&amp;quot; border=&amp;quot;0&amp;quot; /&amp;gt;&amp;lt;img src=&amp;quot;/templates/master/wanggou/UploadImage/AdvertImg/20140626152937_4994.jpg&amp;quot; alt=&amp;quot;&amp;quot; border=&amp;quot;0&amp;quot; /&amp;gt;" />
  <Ad Id="66" Type="custom" Html="家居家装" />
  <Ad Id="67" Type="custom" Html="食品保健" />
  <Ad Id="68" Type="custom" Html="母婴童装" />
  <Ad Id="69" Type="custom" Html="图书音像" />
  <Ad Id="70" Type="custom" Html="&amp;lt;img src=&amp;quot;/templates/master/wanggou/UploadImage/AdvertImg/20140626123633_0134.jpg&amp;quot; alt=&amp;quot;&amp;quot; border=&amp;quot;0&amp;quot; /&amp;gt;&amp;lt;br /&amp;gt;" />
  <Ad Id="71" Type="custom" Html="&amp;lt;img src=&amp;quot;/templates/master/wanggou/UploadImage/AdvertImg/20140626154415_1996.jpg&amp;quot; alt=&amp;quot;&amp;quot; border=&amp;quot;0&amp;quot; /&amp;gt;&amp;lt;img src=&amp;quot;/templates/master/wanggou/UploadImage/AdvertImg/20140626154423_0371.jpg&amp;quot; alt=&amp;quot;&amp;quot; border=&amp;quot;0&amp;quot; /&amp;gt;&amp;lt;img src=&amp;quot;/templates/master/wanggou/UploadImage/AdvertImg/20140626154431_1475.jpg&amp;quot; alt=&amp;quot;&amp;quot; border=&amp;quot;0&amp;quot; /&amp;gt;" />
  <Ad Id="72" Type="custom" Html="&amp;lt;img src=&amp;quot;/templates/master/wanggou/UploadImage/AdvertImg/20140626123633_0134.jpg&amp;quot; alt=&amp;quot;&amp;quot; border=&amp;quot;0&amp;quot; /&amp;gt;&amp;lt;br /&amp;gt;" />
  <Ad Id="73" Type="custom" Html="&amp;lt;img src=&amp;quot;/templates/master/wanggou/UploadImage/AdvertImg/20140626152920_0164.jpg&amp;quot; alt=&amp;quot;&amp;quot; border=&amp;quot;0&amp;quot; /&amp;gt;&amp;lt;img src=&amp;quot;/templates/master/wanggou/UploadImage/AdvertImg/20140626152928_5439.jpg&amp;quot; alt=&amp;quot;&amp;quot; border=&amp;quot;0&amp;quot; /&amp;gt;&amp;lt;img src=&amp;quot;/templates/master/wanggou/UploadImage/AdvertImg/20140626152937_4994.jpg&amp;quot; alt=&amp;quot;&amp;quot; border=&amp;quot;0&amp;quot; /&amp;gt;" />
  <Ad Id="74" Type="custom" Html="&amp;lt;img src=&amp;quot;/templates/master/wanggou/UploadImage/AdvertImg/20140626123633_0134.jpg&amp;quot; alt=&amp;quot;&amp;quot; border=&amp;quot;0&amp;quot; /&amp;gt;&amp;lt;br /&amp;gt;" />
  <Ad Id="75" Type="custom" Html="&amp;lt;img src=&amp;quot;/templates/master/wanggou/UploadImage/AdvertImg/20140626154342_3577.jpg&amp;quot; alt=&amp;quot;&amp;quot; border=&amp;quot;0&amp;quot; /&amp;gt;&amp;lt;img src=&amp;quot;/templates/master/wanggou/UploadImage/AdvertImg/20140626154349_9502.jpg&amp;quot; alt=&amp;quot;&amp;quot; border=&amp;quot;0&amp;quot; /&amp;gt;&amp;lt;img src=&amp;quot;/templates/master/wanggou/UploadImage/AdvertImg/20140626154356_8836.jpg&amp;quot; alt=&amp;quot;&amp;quot; border=&amp;quot;0&amp;quot; /&amp;gt;" />
  <Ad Id="76" Type="custom" Html="&amp;lt;img src=&amp;quot;/templates/master/wanggou/UploadImage/AdvertImg/20140626123633_0134.jpg&amp;quot; alt=&amp;quot;&amp;quot; border=&amp;quot;0&amp;quot; /&amp;gt;&amp;lt;br /&amp;gt;" />
  <Ad Id="77" Type="custom" Html="&amp;lt;img src=&amp;quot;/templates/master/wanggou/UploadImage/AdvertImg/20140626152920_0164.jpg&amp;quot; alt=&amp;quot;&amp;quot; border=&amp;quot;0&amp;quot; /&amp;gt;&amp;lt;img src=&amp;quot;/templates/master/wanggou/UploadImage/AdvertImg/20140626152928_5439.jpg&amp;quot; alt=&amp;quot;&amp;quot; border=&amp;quot;0&amp;quot; /&amp;gt;&amp;lt;img src=&amp;quot;/templates/master/wanggou/UploadImage/AdvertImg/20140626152937_4994.jpg&amp;quot; alt=&amp;quot;&amp;quot; border=&amp;quot;0&amp;quot; /&amp;gt;" />
  <Ad Id="78" Type="custom" Html="猜你喜欢" />
  <Ad Id="498" Type="custom" Html="&amp;lt;img src=&amp;quot;/templates/master/wanggou/UploadImage/AdvertImg/20140627101900_8312.jpg&amp;quot; alt=&amp;quot;&amp;quot; border=&amp;quot;0&amp;quot; /&amp;gt;&amp;lt;img src=&amp;quot;/templates/master/wanggou/UploadImage/AdvertImg/20140627101905_9374.jpg&amp;quot; alt=&amp;quot;&amp;quot; border=&amp;quot;0&amp;quot; /&amp;gt;&amp;lt;img src=&amp;quot;/templates/master/wanggou/UploadImage/AdvertImg/20140627101910_9287.jpg&amp;quot; alt=&amp;quot;&amp;quot; border=&amp;quot;0&amp;quot; /&amp;gt;" />
  <Ad Id="499" Type="custom" Html="" />
  <Ad Id="500" Type="image" Image="/templates/master/wanggou/UploadImage/advertimg/20140323210347_0322.jpg" Url="" AdImageSize="204*276" />
  
  <Ad Id="79" Type="custom" Html="&amp;lt;div style=&amp;quot;background:#fe3f37;text-align:center;&amp;quot;&amp;gt;&#xA;	&amp;lt;img src=&amp;quot;/templates/master/default/UploadImage/AdvertImg/20160331145919_8098.jpg&amp;quot; alt=&amp;quot;&amp;quot; /&amp;gt; &#xA;&amp;lt;/div&amp;gt;" />
 <Ad Id="23" Type="custom" Html="&amp;lt;div style=&amp;quot;background:#fe3f37;text-align:center;width:100%;height:440px;&amp;quot;&amp;gt;&#xA;	&amp;lt;img src=&amp;quot;/templates/master/wanggou/UploadImage/AdvertImg/20160331145919_8098.jpg&amp;quot; alt=&amp;quot;&amp;quot; /&amp;gt; &#xA;&amp;lt;/div&amp;gt;" /> 
  
</root>